datetime,diesel_fuel_kWh,wind_power_kWh,diesel_time_h,wind_time_h,velocity_max_msec,velocity_mean_msec,tmp_grad
2019-05-01,642.0,209.0,20.0,14.0,12.86,3.91,9.70717228683048
2019-05-02,657.0,197.0,19.0,11.0,13.2,3.8,-2.0
2019-05-03,766.0,50.0,24.0,6.0,7.8,2.57,9.971857957023605
2019-05-04,683.0,44.0,22.0,5.0,7.1,2.12,0.0
2019-05-05,725.0,106.0,22.0,10.0,8.32,3.42,9.015293638264763
2019-05-06,536.0,228.0,13.0,17.0,9.46,4.12,11.137360015949954
2019-05-07,428.0,496.0,13.0,18.0,13.68,5.37,0.0
2019-05-08,389.0,423.0,13.0,19.0,11.52,5.28,-3.0
2019-05-09,353.0,331.0,14.0,14.0,14.31,4.62,0.0
2019-05-10,306.0,724.0,10.0,17.0,13.85,6.21,1.0
2019-05-11,643.0,153.0,22.0,7.0,9.56,3.32,1.0
2019-05-12,721.0,12.0,24.0,1.0,4.31,1.47,1.0
2019-05-13,284.0,633.0,10.0,17.0,14.95,5.78,2.0
2019-05-14,756.0,69.0,24.0,4.0,9.25,2.24,1.0
2019-05-15,695.0,88.0,24.0,6.0,11.64,3.11,2.0
2019-05-16,491.0,222.0,20.0,10.0,8.47,4.36,1.0
2019-05-17,366.0,648.0,12.0,18.0,16.47,6.91,2.0
2019-05-18,215.0,772.0,7.0,19.0,16.52,6.33,2.0
2019-05-19,185.0,746.0,6.0,18.0,24.15,9.46,2.0
2019-05-20,468.0,330.0,13.0,15.0,23.35,5.94,3.0
2019-05-21,306.0,1072.0,8.0,19.0,20.05,8.17,0.0
2019-05-22,328.0,778.0,10.0,17.0,19.89,7.59,3.0
2019-05-23,426.0,891.0,14.0,14.0,17.46,7.84,2.0
2019-05-24,413.0,897.0,13.0,14.0,14.41,9.33,3.0
2019-05-25,395.0,1002.0,10.0,16.0,18.6,11.52,2.0
2019-05-26,204.0,946.0,6.0,21.0,14.52,10.08,0.0
2019-05-27,232.0,937.0,8.0,20.0,17.94,9.12,2.0
2019-05-28,135.0,978.0,3.0,24.0,16.95,10.84,1.0
2019-05-29,84.0,1079.0,2.0,24.0,17.54,12.95,2.0
2019-05-30,122.0,839.0,3.0,24.0,16.26,9.78,2.0
2019-05-31,117.0,791.0,4.0,24.0,14.85,8.06,2.0
2019-06-01,370.0,564.0,12.0,14.0,16.03,11.6,3.0
2019-06-02,377.0,561.0,11.0,16.0,12.42,7.3,2.0
2019-06-03,474.0,397.0,12.0,19.0,7.59,5.31,2.0
2019-06-04,674.0,249.0,22.0,5.0,4.49,2.57,3.0
2019-06-05,521.0,324.0,17.0,10.0,11.84,8.02,2.0
2019-06-06,433.0,389.0,15.0,15.0,9.34,5.01,2.0
2019-06-07,387.0,497.0,12.0,18.0,11.92,6.22,2.0
2019-06-08,54.0,1038.0,2.0,24.0,14.56,12.21,4.0
2019-06-09,0.0,989.0,0.0,24.0,14.95,10.63,2.0
2019-06-10,265.0,629.0,8.0,19.0,14.51,9.84,3.0
2019-06-11,231.0,610.0,8.0,18.0,14.14,10.3,2.0
2019-06-12,226.0,569.0,8.0,18.0,14.0,8.67,2.0
2019-06-13,198.0,568.0,9.0,18.0,12.44,9.46,2.0
2019-06-14,376.0,569.0,13.0,16.0,16.12,12.71,4.0
2019-06-15,279.0,563.0,11.0,16.0,12.36,10.55,3.0
2019-06-16,346.0,560.0,14.0,14.0,14.26,12.13,3.0
2019-06-17,721.0,80.0,23.0,8.0,8.53,2.86,4.0
2019-06-18,689.0,143.0,22.0,8.0,9.12,3.13,4.0
2019-06-19,386.0,473.0,13.0,18.0,10.99,3.68,5.0
2019-06-20,475.0,341.0,16.0,14.0,9.87,4.18,10.0
2019-06-21,879.0,11.0,24.0,1.0,7.55,2.6,8.0
2019-06-22,879.0,0.0,24.0,0.0,4.13,1.89,8.0
2019-06-23,683.0,261.0,19.0,9.0,10.27,3.28,10.0
2019-06-24,943.0,0.0,24.0,0.0,3.85,1.81,9.0
2019-06-25,890.0,14.0,24.0,1.0,4.59,2.16,10.0
2019-06-26,373.0,604.0,16.0,12.0,11.21,8.66,11.0
2019-06-27,758.0,137.0,16.0,9.0,15.39,4.84,11.0
2019-06-28,587.0,300.0,18.0,10.0,12.27,4.28,11.0
2019-06-29,720.0,292.0,15.0,11.0,13.93,4.52,11.0
2019-06-30,758.0,233.0,16.0,16.0,10.99,4.29,12.0
2019-07-01,702.0,138.0,21.0,8.0,8.26,3.22,11.0
2019-07-02,532.0,250.0,13.0,15.0,9.58,4.3,11.0
2019-07-03,660.0,166.0,20.0,10.0,10.78,3.64,11.0
2019-07-04,845.0,5.0,24.0,1.0,5.9,1.85,11.0
2019-07-05,691.0,129.0,20.0,14.0,7.43,3.35,10.0
2019-07-06,721.0,101.0,19.0,10.0,8.1,3.21,11.0
2019-07-07,770.0,33.0,24.0,4.0,7.31,2.54,12.0
2019-07-08,779.0,38.0,24.0,7.0,6.98,2.47,12.0
2019-07-09,627.0,246.0,20.0,10.0,10.89,3.89,12.0
2019-07-10,762.0,155.0,21.0,7.0,10.56,3.63,12.0
2019-07-11,973.0,4.0,24.0,1.0,4.7,2.11,12.0
2019-07-12,691.0,119.0,22.0,12.0,8.21,3.42,13.0
2019-07-13,768.0,81.0,24.0,7.0,8.73,2.84,13.0
2019-07-14,845.0,11.0,24.0,2.0,6.19,2.14,13.0
2019-07-15,721.0,35.0,24.0,3.0,6.14,2.31,14.0
2019-07-16,815.0,60.0,23.0,7.0,6.96,2.88,14.0
2019-07-17,759.0,27.0,24.0,5.0,5.74,2.51,15.0
2019-07-18,751.0,7.0,24.0,2.0,4.98,2.63,15.0
2019-07-19,675.0,250.0,20.0,11.0,16.69,4.2,15.0
2019-07-20,188.0,701.0,6.0,20.0,22.01,6.78,16.0
2019-07-21,145.0,640.0,4.0,22.0,22.11,7.32,16.0
2019-07-22,298.0,489.0,8.0,18.0,12.67,5.32,16.0
2019-07-23,408.0,607.0,10.0,17.0,13.35,6.08,5.0
2019-07-24,611.0,461.0,14.0,16.0,13.01,5.32,6.0
2019-07-25,502.0,391.0,17.0,10.0,9.52,4.28,8.0
2019-07-26,784.0,254.0,18.0,10.0,7.62,3.74,11.0
2019-07-27,879.0,123.0,24.0,4.0,5.89,2.52,11.0
2019-07-28,815.0,173.0,23.0,5.0,8.32,3.82,10.0
2019-07-29,910.0,30.0,24.0,2.0,7.13,2.47,11.0
2019-07-30,815.0,11.0,24.0,1.0,4.57,2.03,12.0
2019-07-31,676.0,11.0,24.0,1.0,5.07,2.55,12.0
2019-08-01,717.0,10.0,24.0,1.0,4.14,1.69,11.0
2019-08-02,671.0,224.0,22.0,8.0,9.98,3.42,13.0
2019-08-03,638.0,243.0,20.0,8.0,8.98,4.38,16.0
2019-08-04,737.0,171.0,22.0,8.0,12.55,3.01,15.0
2019-08-05,401.0,479.0,14.0,15.0,14.62,5.46,15.0
2019-08-06,203.0,615.0,7.0,19.0,14.79,6.3,18.0
2019-08-07,557.0,225.0,17.0,15.0,10.15,3.43,18.0
2019-08-08,747.0,95.0,24.0,5.0,7.24,2.49,18.0
2019-08-09,717.0,78.0,22.0,5.0,9.46,2.97,18.0
2019-08-10,656.0,270.0,20.0,10.0,10.65,4.23,17.0
2019-08-11,656.0,126.0,22.0,4.0,5.99,2.77,18.0
2019-08-12,808.0,13.0,24.0,1.0,6.63,2.34,18.0
2019-08-13,589.0,322.0,18.0,8.0,11.44,3.96,18.0
2019-08-14,687.0,81.0,23.0,4.0,8.68,2.64,18.0
2019-08-15,781.0,15.0,24.0,1.0,5.64,2.08,18.0
2019-08-16,498.0,324.0,17.0,10.0,11.52,4.16,18.0
2019-08-17,626.0,111.0,21.0,6.0,10.69,2.57,19.0
2019-08-18,502.0,246.0,17.0,11.0,11.23,4.43,19.0
2019-08-19,513.0,225.0,13.0,16.0,11.18,4.44,17.0
2019-08-20,574.0,176.0,16.0,11.0,8.73,2.95,17.0
2019-08-21,558.0,204.0,15.0,11.0,7.13,3.2,18.0
2019-08-22,608.0,190.0,20.0,7.0,11.06,2.82,20.0
2019-08-23,626.0,210.0,18.0,8.0,10.81,3.22,17.0
2019-08-24,815.0,10.0,24.0,1.0,3.87,1.56,17.0
2019-08-25,596.0,197.0,17.0,9.0,8.9,3.36,17.0
2019-08-26,626.0,152.0,18.0,8.0,11.31,3.17,18.0
2019-08-27,702.0,80.0,21.0,5.0,6.57,2.63,19.0
2019-08-28,642.0,147.0,19.0,7.0,8.85,2.8,20.0
2019-08-29,623.0,188.0,18.0,8.0,8.64,3.34,19.0
2019-08-30,751.0,7.0,24.0,1.0,3.95,1.86,18.0
2019-08-31,702.0,91.0,22.0,5.0,7.74,2.61,19.0
2019-09-01,532.0,285.0,13.0,13.0,9.95,4.04,19.0
2019-09-02,457.0,369.0,11.0,16.0,9.51,4.55,20.0
2019-09-03,532.0,343.0,13.0,14.0,11.14,4.36,20.0
2019-09-04,562.0,284.0,14.0,13.0,12.95,4.25,20.0
2019-09-05,575.0,284.0,14.0,13.0,11.59,4.12,19.0
2019-09-06,457.0,468.0,11.0,16.0,17.96,5.31,19.0
2019-09-07,423.0,565.0,13.0,16.0,16.46,5.65,20.0
2019-09-08,517.0,254.0,15.0,15.0,14.89,3.76,18.0
2019-09-09,362.0,595.0,10.0,18.0,21.48,6.61,18.0
2019-09-10,343.0,703.0,8.0,21.0,23.96,7.22,20.0
2019-09-11,566.0,178.0,17.0,12.0,13.39,3.46,19.0
2019-09-12,785.0,22.0,24.0,2.0,5.31,2.07,19.0
2019-09-13,517.0,310.0,18.0,12.0,13.96,4.95,19.0
2019-09-14,453.0,609.0,13.0,19.0,30.96,12.2,15.0
2019-09-15,453.0,599.0,13.0,18.0,26.49,8.64,13.0
2019-09-16,551.0,292.0,16.0,12.0,11.64,4.12,13.0
2019-09-17,487.0,343.0,14.0,13.0,11.5,4.66,12.0
2019-09-18,438.0,347.0,15.0,13.0,12.02,4.66,13.0
2019-09-19,487.0,413.0,14.0,16.0,10.42,4.9,13.0
2019-09-20,338.0,442.0,13.0,19.0,21.09,5.38,14.0
2019-09-21,487.0,286.0,16.0,13.0,21.31,4.61,14.0
2019-09-22,423.0,403.0,10.0,17.0,12.86,5.08,14.0
2019-09-23,392.0,560.0,11.0,17.0,19.62,6.59,14.0
2019-09-24,0.0,1073.0,0.0,24.0,20.35,9.09,14.0
2019-09-25,0.0,844.0,0.0,24.0,17.65,7.71,14.0
2019-09-26,0.0,862.0,0.0,24.0,20.41,7.68,13.0
2019-09-27,323.0,578.0,12.0,20.0,18.65,6.19,13.0
2019-09-28,646.0,121.0,18.0,9.0,8.51,3.51,13.0
2019-09-29,0.0,1049.0,0.0,24.0,24.06,10.12,10.0
2019-09-30,468.0,506.0,14.0,15.0,17.8,5.57,11.0
2019-10-01,566.0,298.0,16.0,13.0,17.92,4.11,12.0
2019-10-02,0.0,949.0,0.0,24.0,27.17,11.83,10.0
2019-10-03,0.0,1036.0,0.0,24.0,19.58,8.13,9.0
2019-10-04,112.0,722.0,2.0,24.0,19.93,6.45,6.0
2019-10-05,555.0,271.0,17.0,11.0,10.16,3.54,5.0
2019-10-06,487.0,383.0,14.0,14.0,9.87,4.55,6.0
2019-10-07,649.0,167.0,18.0,11.0,9.08,3.5,5.0
2019-10-08,0.0,1016.0,0.0,24.0,18.45,8.45,5.0
2019-10-09,442.0,384.0,14.0,14.0,10.96,5.06,7.0
2019-10-10,392.0,600.0,13.0,15.0,14.27,5.7,7.0
2019-10-11,500.0,446.0,17.0,10.0,18.01,4.77,4.0
2019-10-12,0.0,1229.0,0.0,24.0,24.39,11.5,3.0
2019-10-13,0.0,813.0,0.0,24.0,25.41,12.94,4.0
2019-10-14,0.0,887.0,0.0,24.0,25.11,12.48,4.0
2019-10-15,0.0,1291.0,0.0,24.0,24.77,11.88,5.0
2019-10-16,460.0,508.0,15.0,15.0,22.12,11.3,5.0
2019-10-17,411.0,450.0,17.0,15.0,23.82,8.53,6.0
2019-10-18,743.0,238.0,21.0,10.0,19.13,4.63,6.0
2019-10-19,879.0,100.0,24.0,10.0,7.49,2.8,6.0
2019-10-20,774.0,195.0,22.0,9.0,7.93,3.05,4.0
2019-10-21,789.0,218.0,19.0,11.0,9.43,4.01,4.0
2019-10-22,323.0,722.0,13.0,19.0,14.92,6.26,4.0
2019-10-23,523.0,472.0,16.0,12.0,14.73,4.82,5.0
2019-10-24,628.0,362.0,19.0,11.0,15.24,4.26,3.0
2019-10-25,613.0,408.0,20.0,12.0,14.27,4.23,3.0
2019-10-26,688.0,377.0,18.0,19.0,12.57,4.89,4.0
2019-10-27,0.0,1027.0,0.0,24.0,18.29,8.78,2.0
2019-10-28,230.0,1161.0,4.0,24.0,15.81,8.03,0.0
2019-10-29,245.0,1006.0,5.0,24.0,13.61,7.62,9.536373713741096
2019-10-30,597.0,379.0,13.0,15.0,11.66,4.62,2.0
2019-10-31,306.0,744.0,9.0,20.0,15.27,6.66,2.0
2019-11-01,445.0,706.0,12.0,18.0,14.5,6.31,3.0
2019-11-02,615.0,524.0,18.0,14.0,25.07,11.1,-3.0
2019-11-03,1091.0,219.0,6.0,22.0,24.81,15.29,-4.0
2019-11-04,1091.0,184.0,2.0,24.0,20.46,11.43,-4.0
2019-11-05,291.0,1051.0,8.0,21.0,21.25,10.91,-4.0
2019-11-06,1336.0,0.0,24.0,0.0,27.54,17.33,-5.0
2019-11-07,1260.0,0.0,24.0,0.0,31.18,18.59,-10.0
2019-11-08,1196.0,0.0,24.0,0.0,30.47,18.79,-12.0
2019-11-09,1236.0,0.0,24.0,0.0,32.2,19.4,-12.0
2019-11-10,1217.0,0.0,24.0,0.0,29.6,21.2,-12.0
2019-11-11,721.0,763.0,18.0,13.0,19.48,11.81,-12.0
2019-11-12,504.0,976.0,10.0,18.0,25.73,15.14,-12.0
2019-11-13,1135.0,664.0,20.0,10.0,29.21,18.5,-12.0
2019-11-14,320.0,1303.0,8.0,20.0,26.82,14.83,-6.0
2019-11-15,0.0,1290.0,0.0,24.0,24.93,12.49,-5.0
2019-11-16,705.0,786.0,18.0,12.0,30.54,11.37,-15.0
2019-11-17,1091.0,0.0,24.0,0.0,29.94,18.66,-15.0
2019-11-18,977.0,0.0,24.0,0.0,29.03,17.4,-19.0
2019-11-19,1007.0,0.0,24.0,0.0,28.1,16.4,-18.0
2019-11-20,978.0,0.0,24.0,0.0,27.89,15.9,-18.0
2019-11-21,487.0,539.0,16.0,10.0,32.38,13.97,-18.0
2019-11-22,400.0,1023.0,14.0,16.0,25.36,10.79,-10.0
2019-11-23,182.0,969.0,6.0,22.0,30.02,10.55,-10.0
2019-11-24,932.0,0.0,24.0,0.0,41.11,21.37,-15.0
2019-11-25,1013.0,0.0,24.0,0.0,36.94,19.88,-16.0
2019-11-26,952.0,0.0,24.0,0.0,36.09,19.45,-21.0
2019-11-27,967.0,0.0,24.0,0.0,28.5,17.35,-21.0
2019-11-28,739.0,551.0,20.0,7.0,30.22,16.99,-20.0
2019-11-29,1052.0,0.0,24.0,0.0,37.31,19.28,-20.0
2019-11-30,351.0,1030.0,11.0,16.0,29.05,15.31,-20.0
2019-12-01,964.0,0.0,24.0,0.0,20.67,10.96,-17.0
2019-12-02,1025.0,0.0,24.0,0.0,15.57,8.28,-9.0
2019-12-03,969.0,0.0,24.0,0.0,15.27,8.24,-7.0
2019-12-04,494.0,560.0,17.0,9.0,29.12,11.36,-13.0
2019-12-05,989.0,0.0,24.0,0.0,31.7,18.1,-16.0
2019-12-06,1101.0,0.0,24.0,0.0,37.85,18.49,-25.0
2019-12-07,958.0,0.0,24.0,0.0,30.4,19.68,-27.0
2019-12-08,1052.0,0.0,24.0,0.0,27.83,16.59,-26.0
2019-12-09,60.0,1379.0,2.0,22.0,24.11,14.97,-22.0
2019-12-10,400.0,609.0,13.0,15.0,20.84,11.31,-16.0
2019-12-11,968.0,1.033847093582153,24.0,0.0,22.41,12.63,-19.0
2019-12-12,1032.0,0.0,24.0,0.0,21.33,13.55,-19.0
2019-12-13,994.0,27.7960205078125,24.0,0.0,24.81,13.55,-18.0
2019-12-14,973.0,4.026201248168945,24.0,0.0,21.3,10.77,-17.0
2019-12-15,1120.0,1.9831860065460205,24.0,0.0,13.36,6.94,-14.0
2019-12-16,1086.0,132.85699462890625,24.0,9.267343949309863,15.01,7.97,-10.0
2019-12-17,1097.0,68.41858673095703,24.0,6.004866726052444,23.31,13.39,-10.0
2019-12-18,1139.0,1.9831860065460205,24.0,0.0,32.24,17.66,-22.0
2019-12-19,1145.0,0.0,24.0,0.0,24.81,13.55,-26.0
2019-12-20,1195.0,0.0,24.0,0.0,32.69,18.25,-30.0
2019-12-21,1076.0,48.32183837890625,24.0,5.7294376982812345,29.31,17.54,-27.0
2019-12-22,1105.0,1.9831860065460205,24.0,0.0,32.88,18.12,-26.0
2019-12-23,1146.0,0.0,24.0,0.0,30.61,19.02,-27.0
2019-12-24,1058.0,0.0,24.0,0.0,29.19,18.34,-30.0
2019-12-25,1137.0,1.9831860065460205,24.0,0.0,27.61,16.66,-25.0
2019-12-26,1201.0,0.0,24.0,0.0,19.52,12.39,-23.0
2019-12-27,1165.0,54.44079208374024,24.0,5.380367279461955,22.14,13.05,-18.0
2019-12-28,1078.0,48.32183837890625,24.0,5.7294376982812345,22.89,13.57,-6.0
2019-12-29,1148.0,0.0,24.0,0.0,19.78,9.22,-5.0
2019-12-30,1164.0,54.44079208374024,24.0,5.380367279461955,14.18,6.6,-7.0
2019-12-31,1142.0,1.9831860065460205,24.0,0.0,20.17,10.81,-6.0
2020-01-01,1128.1656670542693,1.9831860065460205,24.0,0.0,18.26933991096174,10.403333333333334,-12.416323540156498
2020-01-02,1117.6251683897892,1.9831860065460205,24.0,0.0,18.023900584323492,10.403333333333334,-12.228410438672368
2020-01-03,1195.8586597524268,0.0,24.0,0.0,19.80207479372112,10.427500000000002,-13.673924611977345
2020-01-04,1237.100469006973,0.0,24.0,0.0,20.76240525008651,10.427500000000002,-14.409172206472498
2020-01-05,1136.770173951238,1.9831860065460205,24.0,0.0,18.469698968542467,10.403333333333334,-12.569722314656566
2020-01-06,1016.5770446395916,4.934149265289307,24.0,0.0,15.735717243074328,2.926666666666667,4.845310784872268
2020-01-07,1007.7977681677212,194.42642211914065,24.0,9.975823500977373,19.68969056284145,10.403333333333334,-10.131503456092984
2020-01-08,1045.7186459217028,67.02812957763672,24.0,5.995033392719111,17.776940416185795,10.403333333333334,-10.899521600543416
2020-01-09,1066.395800883516,0.0,24.0,0.0,16.787485264619804,7.5649999999999995,-5.519607384005586
2020-01-10,1041.0558941708557,67.02812957763672,24.0,5.995033392719111,17.66836655393906,7.5649999999999995,-5.019463560076598
2020-01-11,1035.4851630592334,89.79743194580078,24.0,6.482311822396891,18.03832168582622,10.403333333333334,-10.700643593670739
2020-01-12,1038.2200768017328,89.79743194580078,24.0,6.482311822396891,18.1020051422489,10.403333333333334,-10.749400881158136
2020-01-13,1094.580314033274,127.48743438720705,24.0,9.268456435386163,20.24147958094902,10.403333333333334,-11.726965339461616
2020-01-14,1113.7598189109751,1.9831860065460205,24.0,0.0,17.933894522608533,10.403333333333334,-12.159500054827662
2020-01-15,1086.2796578618531,132.85699462890625,24.0,9.274177282643196,20.166030627613296,10.403333333333334,-11.57510697770368
2020-01-16,1058.3924917492675,0.0,24.0,0.0,16.60112531455338,7.5649999999999995,-5.376926597315596
2020-01-17,1063.8694572241316,0.0,24.0,0.0,16.728658438076422,7.5649999999999995,-5.474568426403949
2020-01-18,1172.9729595986307,0.0,24.0,0.0,19.26917298193861,10.427500000000002,-13.265924665065203
2020-01-19,1196.7561437287286,0.0,24.0,0.0,19.822973032962345,10.427500000000002,-13.689924708641414
2020-01-20,1162.4919632421097,54.44079208374024,24.0,5.5107134333081085,20.219820652997086,10.403333333333334,-12.99041150612043
2020-01-21,1115.0623858955742,1.9831860065460205,24.0,0.0,17.96422526632169,10.403333333333334,-12.182721859578864
2020-01-22,1079.2452295429512,48.32183837890625,24.0,5.7294376982812345,18.14711008082123,10.403333333333334,-11.510729288879482
2020-01-23,1100.80945759358,1.9831860065460205,24.0,0.0,17.632340671823975,10.209999999999999,-11.533766050563726
2020-01-24,1061.8219371061637,0.0,24.0,0.0,16.68098119100975,7.5649999999999995,-5.438065802764796
2020-01-25,1054.4677954987944,0.0,24.0,0.0,16.5097373417792,7.5649999999999995,-5.306958195602802
2020-01-26,1047.36996061581,67.02812957763672,24.0,6.004866726052444,17.815391876547473,10.403333333333334,-10.928960783220955
2020-01-27,1040.1156152331262,67.02812957763672,24.0,5.995033392719111,17.646471818530934,7.5649999999999995,-5.002700526649686
2020-01-28,965.4371311069432,0.0,24.0,0.0,14.436626095901568,2.815,5.981521686134707
2020-01-29,889.9717802922783,8.654468536376953,24.0,0.0,12.86931012578737,2.6860000000000004,7.59661118363362
2020-01-30,891.2160092721662,8.654468536376953,24.0,0.0,12.898282447944817,2.6860000000000004,7.574429412731732
2020-01-31,939.5078509507416,17.048612594604492,24.0,0.0,14.206984687692172,2.786,6.515318764167075
2020-02-01,959.0,23.16692352294922,24.0,0.0,13.99,8.83,-12.0
2020-02-02,1004.0,1.7354596853256226,24.0,0.0,11.9,5.12,-12.0
2020-02-03,943.0,0.0,24.0,0.0,11.92,5.39,-13.0
2020-02-04,1019.0,0.0,24.0,0.0,24.37,13.79,-22.0
2020-02-05,981.0,0.0,24.0,0.0,26.52,17.6,-24.0
2020-02-06,973.0,4.026201248168945,24.0,0.0,23.79,14.6,-25.0
2020-02-07,966.0,9.38980770111084,24.0,0.0,20.73,12.43,-26.0
2020-02-08,951.0,6.721668243408203,24.0,0.0,19.79,11.75,-26.0
2020-02-09,917.0,279.1465759277344,24.0,7.835372366946843,17.2,11.16,-23.0
2020-02-10,955.0,23.16692352294922,24.0,0.0,10.41,2.46,-16.0
2020-02-11,932.0,3.0934085845947266,24.0,0.0,4.6,1.84,-11.0
2020-02-12,936.0,0.0,24.0,0.0,15.16,5.34,-12.0
2020-02-13,902.0,0.0,24.0,0.0,29.5,16.63,-20.0
2020-02-14,917.0,279.1465759277344,24.0,7.835372366946843,26.58,16.15,-19.0
2020-02-15,887.0,8.654468536376953,24.0,0.0,28.0,18.49,-19.0
2020-02-16,913.0,279.1465759277344,24.0,7.845372366946844,27.49,16.16,-17.0
2020-02-17,932.0,3.0934085845947266,24.0,0.0,18.32,10.05,-14.0
2020-02-18,879.0,78.07445526123047,24.0,5.892622005197751,19.47,10.58,-16.0
2020-02-19,902.0,0.0,24.0,0.0,20.02,11.32,-18.0
2020-02-20,948.0,0.0,24.0,0.0,24.96,13.25,-18.0
2020-02-21,966.0,9.38980770111084,24.0,0.0,23.89,10.79,-17.0
2020-02-22,903.0,0.0,24.0,0.0,12.84,4.35,-15.0
2020-02-23,909.0,20.3447208404541,24.0,0.0,10.26,4.86,-15.0
2020-02-24,915.0,279.1465759277344,24.0,7.845372366946844,20.06,8.87,-14.0
2020-02-25,894.0,168.67649841308594,24.0,7.51400688295064,16.89,8.84,-14.0
2020-02-26,948.0,0.0,24.0,0.0,15.39,9.08,-14.0
2020-02-27,955.0,23.16692352294922,24.0,0.0,18.26,10.35,-17.0
2020-02-28,970.0,11.567890167236328,24.0,0.0,18.99,10.86,-17.0
2020-02-29,979.0,0.0,24.0,0.0,15.06,8.76,-16.0
2020-03-01,1019.0,0.0,24.0,0.0,15.01,9.57,-16.0
2020-03-02,1034.0,89.79743194580078,24.0,6.482311822396891,15.14,8.59,-14.0
2020-03-03,1079.0,48.32183837890625,24.0,5.7294376982812345,15.34,6.89,-12.0
2020-03-04,1104.0,1.9831860065460205,24.0,0.0,9.36,4.12,-14.0
2020-03-05,1055.0,0.0,24.0,0.0,8.98,3.89,-16.0
2020-03-06,1089.0,132.85699462890625,24.0,9.274177282643196,7.42,3.16,-16.0
2020-03-07,1147.0,0.0,24.0,0.0,7.4,2.97,-16.0
2020-03-08,1161.0,54.44079208374024,24.0,5.5107134333081085,6.76,3.43,-16.0
2020-03-09,1217.0,0.0,24.0,0.0,21.88,9.33,-18.0
2020-03-10,1032.0,0.0,24.0,0.0,7.95,4.45,-20.0
2020-03-11,1138.0,1.9831860065460205,24.0,0.0,20.65,6.69,-16.0
2020-03-12,1122.0,1.9831860065460205,24.0,0.0,33.21,16.35,-17.0
2020-03-13,1079.0,48.32183837890625,24.0,5.7294376982812345,24.36,10.87,-20.0
2020-03-14,1123.0,1.9831860065460205,24.0,0.0,22.68,11.58,-15.0
2020-03-15,1097.0,68.41858673095703,24.0,6.004866726052444,20.35,8.41,-15.0
2020-03-16,1119.0,1.9831860065460205,24.0,0.0,17.87,10.21,-15.0
2020-03-17,1083.0,132.85699462890625,24.0,9.267343949309863,16.75,7.48,-12.0
2020-03-18,1025.0,0.0,24.0,0.0,15.06,5.04,-10.0
2020-03-19,1078.0,48.32183837890625,24.0,5.7294376982812345,16.16,9.32,-11.0
2020-03-20,1125.0,1.9831860065460205,24.0,0.0,12.41,5.49,-10.0
2020-03-21,1143.0,1.9831860065460205,24.0,0.0,14.69,4.98,-10.0
2020-03-22,1041.0,67.02812957763672,24.0,5.995033392719111,18.75,9.15,-9.0
2020-03-23,998.0,0.0,24.0,0.0,15.69,6.85,-7.0
2020-03-24,985.0,114.89054107666016,24.0,6.776053192354291,8.59,2.84,-8.0
2020-03-25,958.0,36.0,24.0,2.0,7.65,3.54,4.415818682384463
2020-03-26,967.0,0.0,24.0,0.0,10.43,4.49,0.0
2020-03-27,853.0,272.0,22.0,8.0,13.76,7.36,-8.0
2020-03-28,0.0,1476.0,0.0,24.0,30.31,13.37,-2.0
2020-03-29,417.0,703.0,14.0,14.0,29.48,10.04,0.0
2020-03-30,894.0,175.0,22.0,7.0,13.64,6.57,1.0
2020-03-31,718.0,241.0,23.0,9.0,8.51,4.74,0.0
2020-04-01,913.0,180.0,21.0,11.0,9.15,4.52,3.0
2020-04-02,853.0,66.0,22.0,6.0,8.32,4.24,3.0
2020-04-03,332.0,685.0,10.0,19.0,18.23,9.52,4.190199062010213
2020-04-04,174.0,973.0,6.0,22.0,18.72,7.85,1.0
2020-04-05,823.0,183.0,18.0,15.0,9.52,4.32,2.0
2020-04-06,732.0,451.0,15.0,15.0,13.98,4.89,2.0
2020-04-07,0.0,1226.0,0.0,24.0,21.03,9.24,3.0
2020-04-08,242.0,1142.0,7.0,19.0,19.45,8.01,1.0
2020-04-09,568.0,516.0,16.0,15.0,14.65,5.76,6.0
2020-04-10,858.0,309.0,20.0,13.0,13.46,4.15,6.0
2020-04-11,381.0,1030.0,7.0,19.0,29.35,8.46,6.0
2020-04-12,1043.0,63.0,24.0,8.0,7.31,3.36,6.0
2020-04-13,813.0,133.0,22.0,6.0,11.22,3.63,5.0
2020-04-14,1013.0,12.0,24.0,1.0,5.34,3.28,5.0
2020-04-15,838.0,293.0,20.0,9.0,12.86,4.79,6.0
2020-04-16,417.0,765.0,8.0,18.0,17.06,5.98,7.0
2020-04-17,396.0,870.0,9.0,19.0,17.36,7.42,4.0
2020-04-18,0.0,1491.0,0.0,24.0,21.56,10.58,-3.0
2020-04-19,913.0,406.0,16.0,13.0,15.89,4.78,2.0
2020-04-20,1008.0,198.0,18.0,12.0,11.24,4.13,3.0
2020-04-21,928.0,228.0,20.0,10.0,7.34,4.16,7.0
2020-04-22,1068.0,23.0,24.0,2.0,8.05,4.17,5.0
2020-04-23,793.0,456.0,15.0,20.0,9.87,3.69,3.0
2020-04-24,1098.0,73.0,24.0,4.0,8.79,3.56,4.0
2020-04-25,713.0,442.0,16.0,12.0,11.36,5.16,4.0
2020-04-26,762.0,494.0,14.0,15.0,10.2,5.42,6.0
2020-04-27,813.0,251.0,20.0,7.0,11.02,4.98,6.0
2020-04-28,1094.0,92.0,23.0,7.0,11.26,3.14,3.0
2020-04-29,985.0,117.0,24.0,10.0,8.12,4.21,5.0
2020-04-30,774.0,388.0,20.0,13.0,9.32,4.46,0.0
2020-05-01,618.0,638.0,15.0,12.0,14.12,5.68,5.0
2020-05-02,0.0,1660.0,0.0,24.0,19.38,10.25,4.0
2020-05-03,211.0,930.0,7.0,18.0,18.5,7.31,5.0
2020-05-04,602.0,338.0,15.0,10.0,13.87,4.45,6.0
2020-05-05,813.0,48.0,23.0,4.0,8.12,2.79,8.0
2020-05-06,623.0,271.0,20.0,9.0,10.42,3.56,8.0
2020-05-07,804.0,0.0,24.0,0.0,5.01,2.46,9.0
2020-05-08,852.0,0.0,24.0,0.0,5.56,2.35,9.0
2020-05-09,351.0,635.0,12.0,16.0,19.67,5.51,10.0
2020-05-10,0.0,1341.0,0.0,24.0,20.6,9.04,9.0
2020-05-11,785.0,101.0,21.0,8.0,9.76,3.13,12.0
2020-05-12,432.0,552.0,12.0,20.0,10.48,6.24,7.0
2020-05-13,287.0,607.0,8.0,21.0,11.03,5.16,5.0
2020-05-14,685.0,187.0,16.0,10.0,9.45,3.36,4.0
2020-05-15,675.0,308.0,20.0,7.0,11.89,7.14,3.0
2020-05-16,630.0,203.0,18.0,14.0,12.58,4.32,12.0
2020-05-17,704.0,16.0,24.0,3.0,5.82,2.66,14.0
2020-05-18,651.0,195.0,22.0,10.0,8.61,3.59,13.0
2020-05-19,734.0,39.0,24.0,7.0,6.21,3.36,12.0
2020-05-20,630.0,128.0,21.0,6.0,8.42,4.08,11.0
2020-05-21,557.0,184.0,20.0,10.0,10.2,4.56,16.0
2020-05-22,498.0,129.0,16.0,11.0,7.89,4.48,17.0
2020-05-23,479.0,280.0,15.0,11.0,10.75,3.69,17.0
2020-05-24,415.0,360.0,14.0,14.0,12.86,4.79,19.0
2020-05-25,325.0,491.0,11.0,16.0,11.56,4.88,20.0
2020-05-26,509.0,228.0,18.0,12.0,11.36,3.73,18.0
2020-05-27,640.0,48.0,24.0,5.0,7.65,2.86,12.0
2020-05-28,438.0,304.0,15.0,13.0,10.87,3.64,16.0
2020-05-29,538.0,160.0,18.0,15.0,9.95,3.97,14.0
2020-05-30,215.0,1413.0,7.0,20.0,22.65,8.87,18.0
2020-05-31,340.0,389.0,13.0,14.0,13.08,4.64,17.0
