56_86,61_86,61_91,66_86,66_96,66_91
-0.12296882271766663,-0.18777599930763245,-0.16109709441661835,-0.2266162931919098,-0.1917969435453415,-0.20565283298492432
-0.030259674414992332,-0.08971861749887466,-0.07592350989580154,-0.10614623874425888,-0.1020566001534462,-0.12327975034713745
-0.05566275864839554,-0.13863079249858856,-0.07647708058357239,-0.16726182401180267,-0.08320092409849167,-0.1318599432706833
-0.07329265773296356,-0.10805237293243408,-0.10522735118865967,-0.1251211017370224,-0.11431142687797546,-0.1246102973818779
-0.07057452201843262,-0.1331591159105301,-0.10287299007177353,-0.15942230820655823,-0.11456485837697983,-0.14020036160945892
-0.09229818731546402,-0.13435572385787964,-0.14101894199848175,-0.16869968175888062,-0.17831933498382568,-0.1624562293291092
-0.06838832050561905,-0.13156117498874664,-0.09867681562900543,-0.17111961543560028,-0.11715658754110336,-0.13208618760108948
0.10035791248083115,0.07438257336616516,0.08406265079975128,0.06126078963279724,0.07578393071889877,0.06253080815076828
0.1790410578250885,0.09214070439338684,0.12137016654014587,0.03198360651731491,0.057476721704006195,0.03891608491539955
0.10639554262161255,0.01466462668031454,0.062414102256298065,-0.027635781094431877,0.027169309556484222,-0.009996131993830204
0.07441885769367218,0.01143619790673256,0.03309648856520653,-0.02147286757826805,-0.00223705917596817,-0.024350415915250778
0.14716912806034088,0.08925807476043701,0.10903730243444443,0.052819401025772095,0.06421329826116562,0.05367155745625496
0.210035040974617,0.10343988239765167,0.14808565378189087,0.03225821256637573,0.07766740024089813,0.06716398894786835
0.08445170521736145,0.0017726141959428787,0.036334432661533356,-0.03691525384783745,-0.0012287393910810351,-0.01773642748594284
-0.01183918584138155,-0.09737712889909744,-0.06864481419324875,-0.1421360820531845,-0.1113138273358345,-0.12664510309696198
-0.084654301404953,-0.14811277389526367,-0.11060357093811035,-0.1658899486064911,-0.1225263699889183,-0.16325604915618896
-0.011189407669007778,-0.0672348365187645,-0.05316759645938873,-0.0925738662481308,-0.08980460464954376,-0.10815005749464035
0.04686947166919708,-0.045573458075523376,-0.01382065936923027,-0.10001984238624573,-0.07376603782176971,-0.09705516695976257
-0.0352206826210022,-0.12557506561279297,-0.09105771034955978,-0.16674913465976715,-0.1420307755470276,-0.16341151297092438
-0.11469415575265884,-0.18115505576133728,-0.15223731100559235,-0.20081423223018646,-0.17461182177066803,-0.20342794060707092
-0.09261878579854965,-0.14913363754749298,-0.14265677332878113,-0.17754678428173065,-0.1697225719690323,-0.18093562126159668
-0.08015233278274536,-0.1494751125574112,-0.13308478891849518,-0.18779237568378448,-0.171933114528656,-0.18060749769210815
-0.16659069061279297,-0.22494861483573914,-0.2108413279056549,-0.24815036356449127,-0.22592397034168243,-0.24313154816627502
-0.20132632553577423,-0.24606798589229584,-0.2718084752559662,-0.2731388807296753,-0.3295946717262268,-0.30040717124938965
-0.1948874294757843,-0.23872968554496765,-0.23704950511455536,-0.26782432198524475,-0.26585280895233154,-0.26896169781684875
-0.21934784948825836,-0.2536303997039795,-0.25680145621299744,-0.2764337956905365,-0.2963424026966095,-0.29463377594947815
-0.24380825459957123,-0.26853111386299133,-0.2765534222126007,-0.28504326939582825,-0.32683199644088745,-0.32030585408210754
-0.14203092455863953,-0.19812603294849396,-0.17660075426101685,-0.22558073699474335,-0.21060815453529358,-0.2280464917421341
-0.11774411052465439,-0.177408829331398,-0.15933987498283386,-0.20965811610221863,-0.19131247699260712,-0.2127440869808197
-0.09903223067522049,-0.15411552786827087,-0.1448139250278473,-0.19243183732032776,-0.18576081097126007,-0.19358855485916138
-0.08479636907577515,-0.14356479048728943,-0.1264256089925766,-0.1799146831035614,-0.15946760773658752,-0.18016362190246582
-0.023226184770464897,-0.07153896242380142,-0.05703403055667877,-0.0999177023768425,-0.09123989194631577,-0.10831964761018753
0.0056936126202344894,-0.06961710751056671,-0.04173402860760689,-0.12370579689741135,-0.08434033393859863,-0.11279597878456116
-0.11230317503213882,-0.17395338416099548,-0.13822051882743835,-0.1969943791627884,-0.14274270832538605,-0.18035952746868134
-0.07295729964971542,-0.11722072958946228,-0.10462523251771927,-0.14533498883247375,-0.11574190855026245,-0.13475346565246582
-0.09416849911212921,-0.15025568008422852,-0.12796851992607117,-0.17406009137630463,-0.14783363044261932,-0.1729481816291809
-0.12251730263233185,-0.1865919679403305,-0.17343294620513916,-0.22371195256710052,-0.2155439704656601,-0.2250998616218567
-0.11927390098571777,-0.17471370100975037,-0.16285598278045654,-0.20990897715091705,-0.20294293761253357,-0.20655670762062073
-0.19061194360256195,-0.25570499897003174,-0.23067016899585724,-0.2892875671386719,-0.2485855370759964,-0.26704224944114685
-0.23422490060329437,-0.2808189392089844,-0.2663486897945404,-0.2970986068248749,-0.2741880714893341,-0.28489911556243896
-0.21276015043258667,-0.25490960478782654,-0.24287822842597961,-0.27327457070350647,-0.25265535712242126,-0.26299524307250977
-0.2520347237586975,-0.2899188697338104,-0.2844196856021881,-0.31013286113739014,-0.29406505823135376,-0.2980237901210785
-0.2757912576198578,-0.31245899200439453,-0.30714645981788635,-0.3283827006816864,-0.326907753944397,-0.32808181643486023
-0.14713498950004578,-0.16672100126743317,-0.1759374886751175,-0.18492230772972107,-0.2035801261663437,-0.19260330498218536
-0.04362285137176514,-0.09381688386201859,-0.0934225544333458,-0.14426054060459137,-0.1457785665988922,-0.13025657832622528
-0.08935753256082535,-0.1584802269935608,-0.11925900727510452,-0.19333097338676453,-0.14248250424861908,-0.16158796846866608
-0.06279419362545013,-0.10272881388664246,-0.09429235011339188,-0.13406628370285034,-0.11375235766172409,-0.12627775967121124
-0.018423061817884445,-0.07662957161664963,-0.059422314167022705,-0.10975239425897598,-0.10356208682060242,-0.11259111016988754
-0.06455164402723312,-0.15832485258579254,-0.10451462119817734,-0.22241389751434326,-0.14130093157291412,-0.18122372031211853
-0.13916100561618805,-0.17061348259449005,-0.12615668773651123,-0.17010454833507538,-0.10388350486755371,-0.1567055583000183
-0.059306614100933075,-0.10682669281959534,-0.10463999956846237,-0.15481677651405334,-0.14258679747581482,-0.14889635145664215
-0.11927933990955353,-0.17570222914218903,-0.16549547016620636,-0.2176668792963028,-0.19821712374687195,-0.20463787019252777
-0.19313234090805054,-0.27735400199890137,-0.22892197966575623,-0.3297112286090851,-0.2519781291484833,-0.2817148268222809
-0.33420875668525696,-0.3711847960948944,-0.333526074886322,-0.3760102689266205,-0.30541276931762695,-0.33894291520118713
-0.3289777636528015,-0.3470449447631836,-0.33558520674705505,-0.35690000653266907,-0.3112814128398895,-0.3171645700931549
-0.23416660726070404,-0.25903794169425964,-0.25178417563438416,-0.28179559111595154,-0.2563904821872711,-0.25263264775276184
-0.1781829297542572,-0.222601979970932,-0.185487762093544,-0.23665755987167358,-0.18321369588375092,-0.21394701302051544
-0.1800936609506607,-0.22071653604507446,-0.20471391081809998,-0.2578352689743042,-0.22105592489242554,-0.2290046066045761
-0.2708425521850586,-0.3106578588485718,-0.2936614751815796,-0.33624011278152466,-0.30455633997917175,-0.3052763044834137
-0.20397397875785828,-0.23237648606300354,-0.23798610270023346,-0.2531620264053345,-0.2731796205043793,-0.25438567996025085
-0.1527196168899536,-0.20953874289989471,-0.19051538407802582,-0.24472206830978394,-0.23278887569904327,-0.2405518889427185
-0.16771982610225677,-0.23075124621391296,-0.20524628460407257,-0.26749899983406067,-0.24712978303432465,-0.2566743791103363
-0.2034311443567276,-0.2523711025714874,-0.22864650189876556,-0.2758789360523224,-0.256025105714798,-0.26597103476524353
-0.19560560584068298,-0.24229204654693604,-0.22651800513267517,-0.26748597621917725,-0.26145651936531067,-0.2720167934894562
-0.19566434621810913,-0.23420681059360504,-0.2335817962884903,-0.269210547208786,-0.2705840766429901,-0.2654404640197754
-0.19016031920909882,-0.23723602294921875,-0.24275261163711548,-0.26222988963127136,-0.3052736818790436,-0.2821810841560364
-0.10006900131702423,-0.15328742563724518,-0.15715430676937103,-0.19408486783504486,-0.23716433346271515,-0.22696015238761902
-0.11085061728954315,-0.18514075875282288,-0.15034466981887817,-0.22423405945301056,-0.20350882411003113,-0.22727660834789276
-0.15754711627960205,-0.1985054761171341,-0.19118057191371918,-0.22348777949810028,-0.21678374707698822,-0.22660687565803528
-0.14632408320903778,-0.20184652507305145,-0.19686684012413025,-0.2388075888156891,-0.2411779761314392,-0.23804223537445068
-0.15202845633029938,-0.2021530419588089,-0.19513647258281708,-0.2306240051984787,-0.23627573251724243,-0.23386059701442719
-0.1047438234090805,-0.14413292706012726,-0.14017555117607117,-0.17288939654827118,-0.17689526081085205,-0.1787569224834442
-0.0751565471291542,-0.12277644127607346,-0.11136016249656677,-0.15457530319690704,-0.14085492491722107,-0.1493794023990631
0.05893389508128166,0.02561280131340027,0.02613241784274578,-0.0010216346709057689,-0.013826609589159489,-0.010563788935542107
0.16312287747859955,0.060650065541267395,0.06524062156677246,-0.03195833042263985,-0.03727582469582558,-0.041154876351356506
-0.11798612028360367,-0.2264823615550995,-0.163564994931221,-0.2709774672985077,-0.20127059519290924,-0.2481328248977661
-0.2552410662174225,-0.3013394773006439,-0.28662943840026855,-0.32652005553245544,-0.2981674373149872,-0.31379374861717224
-0.17146538197994232,-0.20585548877716064,-0.19062231481075287,-0.21733933687210083,-0.20157413184642792,-0.21988160908222198
-0.13467034697532654,-0.19162946939468384,-0.1744602769613266,-0.23647606372833252,-0.21059785783290863,-0.2219625562429428
-0.21463273465633392,-0.26580241322517395,-0.25141915678977966,-0.29715898633003235,-0.28183823823928833,-0.2948262393474579
-0.17247474193572998,-0.21106766164302826,-0.2279389500617981,-0.24022814631462097,-0.2831305265426636,-0.26778051257133484
-0.11357108503580093,-0.17266221344470978,-0.1751335710287094,-0.2157565802335739,-0.23634864389896393,-0.22702144086360931
-0.12393362075090408,-0.18862707912921906,-0.16426992416381836,-0.22536084055900574,-0.20225144922733307,-0.2186514437198639
-0.1540980041027069,-0.20980322360992432,-0.1944863349199295,-0.24018032848834991,-0.22778858244419098,-0.24347148835659027
-0.16355924308300018,-0.2162291407585144,-0.2003442347049713,-0.2482294738292694,-0.2326112687587738,-0.24610738456249237
-0.2018984705209732,-0.24944013357162476,-0.24425166845321655,-0.28177186846733093,-0.27570241689682007,-0.2764332890510559
-0.24022570252418518,-0.2771058678627014,-0.2676220238208771,-0.29179611802101135,-0.27722567319869995,-0.2825326919555664
-0.1891091912984848,-0.19735386967658997,-0.2235594391822815,-0.20789463818073273,-0.245098277926445,-0.22537659108638763
-0.14615730941295624,-0.19150735437870026,-0.18679817020893097,-0.23123867809772491,-0.22864492237567902,-0.22191929817199707
-0.15746940672397614,-0.20094971358776093,-0.19242146611213684,-0.22987449169158936,-0.22838647663593292,-0.22815492749214172
-0.14540009200572968,-0.18758592009544373,-0.18240059912204742,-0.21447335183620453,-0.21575549244880676,-0.2196236103773117
-0.1462607979774475,-0.19713543355464935,-0.18258032202720642,-0.2289106547832489,-0.2158077359199524,-0.22718492150306702
-0.16559360921382904,-0.20492999255657196,-0.20214766263961792,-0.23371344804763794,-0.23500514030456543,-0.2409278005361557
-0.11183350533246994,-0.14647701382637024,-0.1390317678451538,-0.16971202194690704,-0.16580961644649506,-0.17497047781944275
-0.10019446909427643,-0.1515771448612213,-0.13619104027748108,-0.18910156190395355,-0.16989465057849884,-0.18457791209220886
-0.13757118582725525,-0.1829884648323059,-0.16373275220394135,-0.20959679782390594,-0.18721893429756165,-0.2059960812330246
-0.09573781490325928,-0.13153702020645142,-0.12774629890918732,-0.1587880402803421,-0.1533953845500946,-0.16718941926956177
-0.13495641946792603,-0.19457988440990448,-0.17702877521514893,-0.24064239859580994,-0.21816901862621307,-0.23520207405090332
-0.1848604381084442,-0.21971184015274048,-0.21053791046142578,-0.23943458497524261,-0.23059692978858948,-0.24240915477275848
-0.11129400134086609,-0.14818614721298218,-0.13660572469234467,-0.18143963813781738,-0.15974755585193634,-0.1670035868883133
-0.03778643161058426,-0.07572097331285477,-0.06674060225486755,-0.10560096055269241,-0.09137170016765594,-0.10460261255502701
-0.04998834431171417,-0.11222533136606216,-0.09183737635612488,-0.1658077836036682,-0.1294524073600769,-0.14687786996364594
-0.16116449236869812,-0.21288558840751648,-0.1888095885515213,-0.24005094170570374,-0.21984423696994781,-0.23513822257518768
-0.20936881005764008,-0.255647748708725,-0.2572294771671295,-0.28405019640922546,-0.3036366105079651,-0.29221290349960327
-0.2323249876499176,-0.24299389123916626,-0.2748611867427826,-0.26180872321128845,-0.32342392206192017,-0.2899915874004364
-0.21142785251140594,-0.22293411195278168,-0.25223156809806824,-0.25605446100234985,-0.2962489128112793,-0.26176273822784424
-0.2233642190694809,-0.24023553729057312,-0.26012229919433594,-0.27108657360076904,-0.2957882583141327,-0.2695200443267822
-0.20480147004127502,-0.23426955938339233,-0.2389039844274521,-0.25932422280311584,-0.2727431654930115,-0.26656919717788696
-0.1877499669790268,-0.2213655263185501,-0.21678021550178528,-0.24454498291015625,-0.24794253706932068,-0.2550000548362732
-0.1364012509584427,-0.16637073457241058,-0.16710181534290314,-0.1840164065361023,-0.20113126933574677,-0.20640698075294495
-0.0843159407377243,-0.13378947973251343,-0.11976154893636703,-0.16689954698085785,-0.15954896807670593,-0.17306314408779144
-0.09567112475633621,-0.14412330090999603,-0.12868280708789825,-0.17385010421276093,-0.16375593841075897,-0.1802142709493637
-0.12135857343673706,-0.17423224449157715,-0.14790032804012299,-0.19747740030288696,-0.17480260133743286,-0.20195578038692474
-0.1407138854265213,-0.17646953463554382,-0.174028679728508,-0.20518968999385834,-0.21401812136173248,-0.21698057651519775
-0.16890378296375275,-0.21361061930656433,-0.20700226724147797,-0.24594217538833618,-0.25115346908569336,-0.25095704197883606
-0.18554717302322388,-0.2171064168214798,-0.20775680243968964,-0.23195751011371613,-0.2271278351545334,-0.23785804212093353
-0.18445803225040436,-0.23085196316242218,-0.2137436866760254,-0.2594667375087738,-0.24496683478355408,-0.2591829001903534
-0.20948392152786255,-0.23969653248786926,-0.2330925315618515,-0.2612386643886566,-0.2578996419906616,-0.2688975930213928
-0.21467123925685883,-0.24550014734268188,-0.23772884905338287,-0.26395383477211,-0.25948068499565125,-0.2697305679321289
-0.2002256065607071,-0.2394593507051468,-0.23167619109153748,-0.2641666829586029,-0.2602847218513489,-0.27026450634002686
-0.19022032618522644,-0.22917233407497406,-0.2229679822921753,-0.2536849081516266,-0.26028478145599365,-0.2630254924297333
-0.18847809731960297,-0.23370692133903503,-0.2174842357635498,-0.25715363025665283,-0.24818618595600128,-0.25895220041275024
-0.1523675173521042,-0.19465294480323792,-0.1815531998872757,-0.21174050867557526,-0.21115653216838837,-0.22363494336605072
-0.13981686532497406,-0.19617733359336853,-0.17720945179462433,-0.22133584320545197,-0.2182174026966095,-0.23146139085292816
-0.14804993569850922,-0.19378161430358887,-0.18952657282352448,-0.21759821474552155,-0.2352655529975891,-0.23674386739730835
-0.1295035481452942,-0.1785472184419632,-0.1734175980091095,-0.20883117616176605,-0.22287367284297943,-0.21963739395141602
-0.09494415670633316,-0.15388824045658112,-0.12886115908622742,-0.1758168637752533,-0.1692531555891037,-0.17812186479568481
-0.07805939018726349,-0.13524875044822693,-0.11803090572357178,-0.1522587090730667,-0.15994176268577576,-0.1635402888059616
-0.07882718741893768,-0.14714805781841278,-0.128877654671669,-0.17134639620780945,-0.18411171436309814,-0.18526270985603333
-0.09872258454561234,-0.1718234270811081,-0.16006910800933838,-0.20659463107585907,-0.22626155614852905,-0.21822255849838257
-0.17636103928089142,-0.26246345043182373,-0.21594370901584625,-0.2839783728122711,-0.2541941702365875,-0.2737409770488739
-0.23662914335727692,-0.28868618607521057,-0.2698429226875305,-0.29650241136550903,-0.29807907342910767,-0.30648598074913025
-0.21977408230304718,-0.26496708393096924,-0.2602221667766571,-0.2881484031677246,-0.2987988293170929,-0.29247334599494934
-0.18912534415721893,-0.23248575627803802,-0.21749457716941833,-0.23951338231563568,-0.24017971754074097,-0.24538463354110718
-0.14061933755874634,-0.19603079557418823,-0.1810438185930252,-0.2198941707611084,-0.2183769941329956,-0.22036011517047882
-0.13015173375606537,-0.1865459829568863,-0.17956994473934174,-0.21048681437969208,-0.23221895098686218,-0.22752977907657623
-0.17494556307792664,-0.21677617728710175,-0.2144741714000702,-0.23420296609401703,-0.25177574157714844,-0.24518652260303497
-0.16052013635635376,-0.18065832555294037,-0.22337780892848969,-0.20808662474155426,-0.2843506336212158,-0.23171702027320862
-0.13273830711841583,-0.17292213439941406,-0.1945839822292328,-0.21378175914287567,-0.2621319890022278,-0.2144014984369278
-0.1221621185541153,-0.17758478224277496,-0.17405235767364502,-0.21047699451446533,-0.222845658659935,-0.195254847407341
-0.17483070492744446,-0.22511181235313416,-0.2139347791671753,-0.2413531243801117,-0.24016563594341278,-0.23711539804935455
-0.1931890994310379,-0.2137136459350586,-0.24343621730804443,-0.24343478679656982,-0.2868843078613281,-0.25055378675460815
-0.12752625346183777,-0.1661570519208908,-0.2168901562690735,-0.21153666079044342,-0.29728785157203674,-0.2245279848575592
-0.11810600757598877,-0.1839466691017151,-0.19550921022891998,-0.22789664566516876,-0.268706351518631,-0.2242993265390396
-0.16862401366233826,-0.21689747273921967,-0.2277425229549408,-0.24131318926811218,-0.2727493345737457,-0.24769464135169983
-0.1830582320690155,-0.22237451374530792,-0.23469848930835724,-0.24192583560943604,-0.27061888575553894,-0.2537112534046173
-0.1600864976644516,-0.19263310730457306,-0.22596532106399536,-0.22636429965496063,-0.28320613503456116,-0.2446601539850235
-0.16940158605575562,-0.21182429790496826,-0.22312702238559723,-0.24042612314224243,-0.26732462644577026,-0.2452862560749054
-0.178752139210701,-0.21862930059432983,-0.22448422014713287,-0.23755693435668945,-0.2564849853515625,-0.23932653665542603
-0.19504821300506592,-0.22616052627563477,-0.2421732246875763,-0.24906860291957855,-0.2782386839389801,-0.2580380439758301
-0.20787671208381653,-0.24336884915828705,-0.2507343292236328,-0.26541006565093994,-0.283552348613739,-0.26828882098197937
-0.17697882652282715,-0.19397222995758057,-0.22106263041496277,-0.21368595957756042,-0.26140692830085754,-0.229810431599617
-0.07653673738241196,-0.11765510588884354,-0.14104363322257996,-0.16304078698158264,-0.21421284973621368,-0.170868918299675
-0.11512942612171173,-0.1690279096364975,-0.1814396232366562,-0.20388846099376678,-0.23586860299110413,-0.21028511226177216
-0.1685323864221573,-0.21119622886180878,-0.22404193878173828,-0.23193013668060303,-0.2628820240497589,-0.2425433248281479
-0.18209683895111084,-0.22234508395195007,-0.2284395396709442,-0.23992469906806946,-0.260287880897522,-0.24876081943511963
-0.1963319182395935,-0.21800628304481506,-0.23734921216964722,-0.22945669293403625,-0.2627370357513428,-0.2544246017932892
-0.18547126650810242,-0.2153906226158142,-0.22993895411491394,-0.23849095404148102,-0.2657082974910736,-0.2550365626811981
-0.18542832136154175,-0.21488411724567413,-0.22924859821796417,-0.23255600035190582,-0.2625829577445984,-0.2530116140842438
-0.1729539930820465,-0.2029048353433609,-0.2236737608909607,-0.23028682172298431,-0.26447054743766785,-0.24896368384361267
-0.20062091946601868,-0.23553796112537384,-0.24754948914051056,-0.2597395181655884,-0.2827451229095459,-0.2716614902019501
-0.2031412422657013,-0.2276083379983902,-0.2467539757490158,-0.24566347897052765,-0.27641981840133667,-0.2631559669971466
-0.18610990047454834,-0.21609053015708923,-0.23721957206726074,-0.23891811072826385,-0.27352020144462585,-0.26106464862823486
-0.23032106459140778,-0.24501483142375946,-0.2768024206161499,-0.262776255607605,-0.3077121675014496,-0.289281964302063
-0.21804940700531006,-0.22690115869045258,-0.2613909840583801,-0.24820247292518616,-0.290681928396225,-0.2666052579879761
-0.19097022712230682,-0.20241354405879974,-0.2362116277217865,-0.21868471801280975,-0.2649168074131012,-0.24212795495986938
-0.1676187962293625,-0.20333950221538544,-0.21548214554786682,-0.22462868690490723,-0.24436455965042114,-0.23494575917720795
-0.13754835724830627,-0.15120837092399597,-0.1839124858379364,-0.15913352370262146,-0.20982986688613892,-0.19516581296920776
-0.1284598410129547,-0.170091912150383,-0.1818339228630066,-0.19936993718147278,-0.21738016605377197,-0.2100444883108139
-0.1667248010635376,-0.20121413469314575,-0.20838265120983124,-0.21019871532917023,-0.22977949678897858,-0.2284938246011734
-0.08306941390037537,-0.14912022650241852,-0.1521219164133072,-0.16556712985038757,-0.22124682366847992,-0.23314765095710754
-0.12331234663724899,-0.19271443784236908,-0.1789303421974182,-0.23012174665927887,-0.2264159470796585,-0.23839212954044342
-0.16243718564510345,-0.16281427443027496,-0.20608501136302948,-0.15969468653202057,-0.22877894341945648,-0.21818888187408447
-0.07292191684246063,-0.14033697545528412,-0.1623278707265854,-0.18297815322875977,-0.23079811036586761,-0.21434539556503296
-0.06779644638299942,-0.15706667304039001,-0.16108562052249908,-0.18801352381706238,-0.23590385913848877,-0.22446464002132416
-0.09990844130516052,-0.17922431230545044,-0.15685899555683136,-0.19906295835971832,-0.20472471415996552,-0.22216728329658508
-0.12562863528728485,-0.1868731677532196,-0.169035404920578,-0.19541361927986145,-0.20802082121372223,-0.2239387482404709
-0.15821577608585358,-0.2099585086107254,-0.2012011855840683,-0.23469272255897522,-0.2420068234205246,-0.2525201737880707
-0.2218550741672516,-0.2713945508003235,-0.2579592168331146,-0.2832394242286682,-0.2923925220966339,-0.3027629852294922
-0.23770350217819214,-0.27471986413002014,-0.2677415907382965,-0.2869059145450592,-0.2964605391025543,-0.3081590533256531
-0.2219477891921997,-0.2590654790401459,-0.25789061188697815,-0.27466514706611633,-0.2941707670688629,-0.30029723048210144
-0.21297425031661987,-0.2651425302028656,-0.24662135541439056,-0.2845440208911896,-0.2770397961139679,-0.30003616213798523
-0.23061342537403107,-0.280532568693161,-0.25898507237434387,-0.2984088361263275,-0.2798013687133789,-0.3075677752494812
-0.22472454607486725,-0.27007395029067993,-0.25416940450668335,-0.2978624701499939,-0.2707681357860565,-0.3041388690471649
-0.18741457164287567,-0.23792366683483124,-0.21386010944843292,-0.2552834153175354,-0.22533966600894928,-0.26854249835014343
-0.20579934120178223,-0.24583598971366882,-0.24438729882240295,-0.28616130352020264,-0.2696423828601837,-0.2853802740573883
-0.2379644811153412,-0.2844840884208679,-0.26106253266334534,-0.30057838559150696,-0.2656780481338501,-0.30063846707344055
-0.15826785564422607,-0.2149905413389206,-0.20076993107795715,-0.24520494043827057,-0.22696778178215027,-0.2514839172363281
-0.1517476588487625,-0.21379171311855316,-0.19507411122322083,-0.24664342403411865,-0.22158214449882507,-0.24861589074134827
-0.16236358880996704,-0.2233080416917801,-0.21356847882270813,-0.2578181326389313,-0.2465018928050995,-0.26153144240379333
-0.1803293377161026,-0.2354964166879654,-0.23417511582374573,-0.2620640993118286,-0.2729177474975586,-0.2646915018558502
-0.1816723644733429,-0.22544781863689423,-0.2362736612558365,-0.2560645043849945,-0.28184643387794495,-0.26158684492111206
-0.18144801259040833,-0.2374599426984787,-0.22554904222488403,-0.2591339945793152,-0.2580929398536682,-0.25563499331474304
-0.15230953693389893,-0.1947334259748459,-0.20972372591495514,-0.21934175491333008,-0.25500765442848206,-0.2321404367685318
-0.12346798181533813,-0.18371446430683136,-0.1863868087530136,-0.21876244246959686,-0.24435392022132874,-0.2208186239004135
-0.12812179327011108,-0.19125786423683167,-0.19080153107643127,-0.21994969248771667,-0.24998518824577332,-0.22530597448349
-0.14834804832935333,-0.20783808827400208,-0.200649231672287,-0.22592148184776306,-0.2415434867143631,-0.23420268297195435
-0.13441208004951477,-0.18200193345546722,-0.19732388854026794,-0.19739733636379242,-0.251065731048584,-0.22019974887371063
-0.10354755818843842,-0.1656293123960495,-0.16925524175167084,-0.18901193141937256,-0.23032832145690918,-0.2028130143880844
-0.12160571664571762,-0.1776362657546997,-0.1773315817117691,-0.1930551826953888,-0.22308151423931122,-0.20160596072673798
-0.14447692036628723,-0.20045830309391022,-0.19314594566822052,-0.20811496675014496,-0.22645752131938934,-0.21843555569648743
-0.14462772011756897,-0.18949905037879944,-0.1990271508693695,-0.20467862486839294,-0.2392590194940567,-0.2227587103843689
-0.14813275635242462,-0.19975322484970093,-0.19716346263885498,-0.20911800861358643,-0.234523743391037,-0.22910112142562866
-0.16262520849704742,-0.21696878969669342,-0.2147541493177414,-0.2351844161748886,-0.2529025077819824,-0.24957557022571564
-0.24301549792289734,-0.30538102984428406,-0.2877567708492279,-0.31784650683403015,-0.32018524408340454,-0.3310534656047821
-0.21212145686149597,-0.2377343624830246,-0.2473728209733963,-0.23982106149196625,-0.26633399724960327,-0.2717303931713104
-0.17372721433639526,-0.23381415009498596,-0.21520742774009705,-0.2583449184894562,-0.24831178784370422,-0.2600972652435303
-0.15411169826984406,-0.19994333386421204,-0.18258196115493774,-0.196443110704422,-0.19539952278137207,-0.23103858530521393
-0.056532908231019974,-0.11179278045892715,-0.11090461164712906,-0.15144479274749756,-0.15252269804477692,-0.16112485527992249
-0.06065567210316658,-0.12971873581409454,-0.09983368963003159,-0.13347046077251434,-0.11972115188837051,-0.15317896008491516
0.005177516955882311,-0.03918653726577759,-0.047999948263168335,-0.07038505375385284,-0.08707071840763092,-0.09018225222826004
0.035245612263679504,-0.032754361629486084,-0.018479032441973686,-0.07604757696390152,-0.06863303482532501,-0.06649971008300781
-0.026006057858467102,-0.11084625869989395,-0.08576881140470505,-0.15271711349487305,-0.13416102528572083,-0.13357609510421753
-0.06028443202376366,-0.12307722121477127,-0.12027531117200851,-0.1488226354122162,-0.16271290183067322,-0.15603269636631012
-0.03591420501470566,-0.1159188374876976,-0.10401307791471481,-0.15033450722694397,-0.16403797268867493,-0.1562824547290802
-0.017358124256134033,-0.10018950700759888,-0.10368111729621887,-0.1320640593767166,-0.17951799929141998,-0.16306740045547485
-0.02808617427945137,-0.12517300248146057,-0.10980542004108429,-0.16663330793380737,-0.18679429590702057,-0.1811983287334442
-0.07246082276105881,-0.15634405612945557,-0.1342954933643341,-0.17839829623699188,-0.1837916225194931,-0.19501812756061554
-0.06792481988668442,-0.14025264978408813,-0.14029371738433838,-0.17531031370162964,-0.19919799268245697,-0.20150813460350037
-0.0889330729842186,-0.17360174655914307,-0.15033738315105438,-0.2095164954662323,-0.2010553777217865,-0.21691711246967316
-0.10978066921234131,-0.17360220849514008,-0.16293025016784668,-0.20444823801517487,-0.20522700250148773,-0.21311505138874054
-0.08774428814649582,-0.15181611478328705,-0.14265508949756622,-0.1930539309978485,-0.19382251799106598,-0.19474206864833832
-0.0638665109872818,-0.13633017241954803,-0.12444037944078445,-0.1747133731842041,-0.17975781857967377,-0.18343612551689148
-0.05733051523566246,-0.13650630414485931,-0.12750478088855743,-0.19101500511169434,-0.19315315783023834,-0.1885920614004135
-0.09020043164491653,-0.15375858545303345,-0.150075763463974,-0.19340920448303223,-0.2013118863105774,-0.2006980925798416
-0.11847012490034103,-0.18731695413589478,-0.17728981375694275,-0.2329653948545456,-0.2289721518754959,-0.22951601445674896
-0.15112195909023285,-0.1906326711177826,-0.19572842121124268,-0.21903879940509796,-0.2318858504295349,-0.2279539704322815
-0.03473498299717903,-0.0865720883011818,-0.1191994696855545,-0.1467774510383606,-0.20731115341186523,-0.16471709311008453
-0.03572487831115723,-0.10739097744226456,-0.11809388548135757,-0.1720651537179947,-0.2001526951789856,-0.1719776690006256
-0.046553321182727814,-0.10966094583272934,-0.11186737567186356,-0.15692295134067535,-0.1724347472190857,-0.15623216331005096
-0.07957366853952408,-0.12948377430438995,-0.1330762356519699,-0.16665513813495636,-0.17224566638469696,-0.1706458330154419
-0.05639243498444557,-0.0951400026679039,-0.12574335932731628,-0.14343905448913574,-0.1862921118736267,-0.16232793033123016
-0.04498884454369545,-0.1053072065114975,-0.13028420507907867,-0.1666124165058136,-0.21287325024604797,-0.17066986858844757
-0.07784245908260345,-0.13321126997470856,-0.14293749630451202,-0.1756916344165802,-0.19695399701595306,-0.18024121224880219
-0.06860822439193726,-0.11482736468315125,-0.12504036724567413,-0.15240250527858734,-0.16837182641029358,-0.15779715776443481
-0.05448998883366585,-0.09589450806379318,-0.12227122485637665,-0.14747290313243866,-0.18223565816879272,-0.15420947968959808
-0.08998052775859833,-0.14712516963481903,-0.14732983708381653,-0.19290746748447418,-0.19247430562973022,-0.17983144521713257
-0.09870645403862,-0.1349148154258728,-0.14153723418712616,-0.15401782095432281,-0.16355761885643005,-0.16647005081176758
-0.08898811787366867,-0.12970370054244995,-0.14005985856056213,-0.17110282182693481,-0.17513255774974823,-0.17312785983085632
-0.09775656461715698,-0.15875710546970367,-0.13579410314559937,-0.1836865097284317,-0.1627514511346817,-0.1841881424188614
-0.03874576836824417,-0.09117237478494644,-0.09299604594707489,-0.12278036028146744,-0.13458728790283203,-0.14623025059700012
-0.0644134134054184,-0.15020935237407684,-0.12384184449911118,-0.2004062980413437,-0.1678258627653122,-0.18341536819934845
-0.14437738060951233,-0.1955663561820984,-0.20587030053138733,-0.2073664367198944,-0.24129468202590942,-0.24501574039459229
-0.06861662864685059,-0.11890441179275513,-0.12214043736457825,-0.15137112140655518,-0.16316887736320496,-0.1655517816543579
-0.015058185905218124,-0.08459155261516571,-0.07083095610141754,-0.12177254259586334,-0.11114764213562012,-0.12374475598335266
0.024129623547196388,-0.05033387243747711,-0.03855403512716293,-0.07013094425201416,-0.07326890528202057,-0.09564639627933502
0.08844713866710663,0.0005264476640149951,0.00844226311892271,-0.06593214720487595,-0.05220824480056763,-0.06346628069877625
-0.03235463425517082,-0.13191001117229462,-0.08337954431772232,-0.1507824808359146,-0.0988013967871666,-0.14690902829170227
-0.07362809032201767,-0.1456652581691742,-0.1401708573102951,-0.1904437392950058,-0.17340604960918427,-0.18729837238788605
-0.07389237731695175,-0.13718156516551971,-0.13027098774909973,-0.15045838057994843,-0.15650175511837006,-0.18256667256355286
-0.028864983469247818,-0.10092481225728989,-0.08918445557355881,-0.1442214846611023,-0.12390486150979996,-0.1411106139421463
-0.05685824528336525,-0.12996920943260193,-0.10823173820972443,-0.15714026987552643,-0.12683594226837158,-0.15598107874393463
-0.05404103547334671,-0.0957646444439888,-0.11226575821638107,-0.12159360945224762,-0.1394062340259552,-0.14529086649417877
0.02808729000389576,-0.05910100042819977,-0.03779086843132973,-0.0961940735578537,-0.08346222341060638,-0.10319440066814423
0.0014254098059609532,-0.07450994104146957,-0.06954020261764526,-0.11591574549674988,-0.11023950576782227,-0.13253314793109894
-0.09936656802892685,-0.19289539754390717,-0.1439538151025772,-0.21522647142410278,-0.15906865894794464,-0.21418388187885284
-0.1649911105632782,-0.18790921568870544,-0.19887188076972961,-0.19216249883174896,-0.20650534331798553,-0.23538707196712494
-0.07063572853803635,-0.10953377187252045,-0.11921972036361694,-0.1507953405380249,-0.15303653478622437,-0.15975458920001984
-0.09414693713188171,-0.1614709198474884,-0.12741056084632874,-0.18156172335147858,-0.12523102760314941,-0.1721174269914627
-0.08226802200078964,-0.15269826352596283,-0.12671466171741486,-0.17984497547149658,-0.13932646811008453,-0.18433840572834015
-0.10816430300474167,-0.1561078280210495,-0.1524237096309662,-0.18378208577632904,-0.17573395371437073,-0.2008405178785324
-0.08476819097995758,-0.13766852021217346,-0.14552892744541168,-0.1854127198457718,-0.19366897642612457,-0.19662804901599884
-0.09199339151382446,-0.14602406322956085,-0.1429724246263504,-0.18596287071704865,-0.17817583680152893,-0.18450866639614105
-0.1417493224143982,-0.16665583848953247,-0.181714728474617,-0.20005321502685547,-0.20400358736515045,-0.20203061401844025
-0.1438009887933731,-0.16520453989505768,-0.17675067484378815,-0.20162463188171387,-0.19805923104286194,-0.19140833616256714
-0.10730286687612534,-0.14170590043067932,-0.14589263498783112,-0.16930536925792694,-0.162567600607872,-0.16792728006839752
-0.13106758892536163,-0.1926802545785904,-0.17299744486808777,-0.23669151961803436,-0.1904580295085907,-0.21662107110023499
-0.17062248289585114,-0.1977594643831253,-0.2050531804561615,-0.2230600118637085,-0.21486234664916992,-0.22780492901802063
-0.08017042279243469,-0.12171821296215057,-0.13117678463459015,-0.169658362865448,-0.1666412651538849,-0.16767899692058563
-0.09628170728683472,-0.15552844107151031,-0.14208893477916718,-0.1965615451335907,-0.16824442148208618,-0.18531140685081482
-0.08888984471559525,-0.16219639778137207,-0.12074477225542068,-0.19640596210956573,-0.12542469799518585,-0.17346589267253876
-0.06879299879074097,-0.11400091648101807,-0.11627501994371414,-0.1331595778465271,-0.13467937707901,-0.16440019011497498
-0.013161813840270042,-0.09143318235874176,-0.06987087428569794,-0.1508456915616989,-0.1203337013721466,-0.13305164873600006
-0.0409512035548687,-0.08574601262807846,-0.07908274978399277,-0.10859361290931702,-0.0937630757689476,-0.11057370901107788
0.009192758239805698,-0.04760422185063362,-0.047167371958494186,-0.0987522155046463,-0.08474316447973251,-0.09203006327152252
-0.04054498299956322,-0.07854121923446655,-0.10940607637166977,-0.11103536933660507,-0.16900818049907684,-0.13961775600910187
-0.05954919382929802,-0.13567452132701874,-0.1413741558790207,-0.17881464958190918,-0.22253887355327606,-0.2107200175523758
-0.012509494088590145,-0.058324601501226425,-0.11634994298219681,-0.10455572605133057,-0.21427755057811737,-0.15197448432445526
0.013014702126383781,-0.0857522189617157,-0.06583180278539658,-0.1374599039554596,-0.1343662589788437,-0.13073313236236572
-0.026995928958058357,-0.09223706275224686,-0.10385213792324066,-0.12518158555030823,-0.15965966880321503,-0.1453343629837036
-0.059929799288511276,-0.11929488927125931,-0.11237723380327225,-0.15218666195869446,-0.14869780838489532,-0.1489633321762085
-0.059137776494026184,-0.09665954113006592,-0.10718783736228943,-0.12252077460289001,-0.12488242983818054,-0.12984350323677063
-0.043804287910461426,-0.08975611627101898,-0.10135314613580704,-0.12231504172086716,-0.1306964010000229,-0.1324182003736496
-0.07027259469032288,-0.09978321939706802,-0.1258586347103119,-0.12641310691833496,-0.15296447277069092,-0.14474272727966309
-0.03874583542346954,-0.08017932623624802,-0.0985502079129219,-0.1172509714961052,-0.13471651077270508,-0.12198049575090408
-0.023249616846442223,-0.08169695734977722,-0.08947568386793137,-0.1154685914516449,-0.1286589652299881,-0.12282289564609528
0.04246721789240837,-0.027178363874554634,-0.02910149097442627,-0.06445770710706711,-0.07922391593456268,-0.07533831894397736
0.0718272402882576,-0.035272952169179916,-0.005298784468322992,-0.08132296055555344,-0.06112965941429138,-0.0717272236943245
-0.03757162392139435,-0.1208178922533989,-0.10581152886152267,-0.1452544778585434,-0.13700471818447113,-0.16402362287044525
-0.06988151371479034,-0.14402678608894348,-0.1271190345287323,-0.18768253922462463,-0.1597791165113449,-0.18741826713085175
-0.1294040083885193,-0.19472862780094147,-0.1801663637161255,-0.2209901660680771,-0.1923418939113617,-0.23099760711193085
-0.1688327044248581,-0.22371308505535126,-0.22573527693748474,-0.2535136640071869,-0.2448604851961136,-0.26653677225112915
-0.06423348933458328,-0.14345504343509674,-0.14809104800224304,-0.19458939135074615,-0.2222016453742981,-0.205368310213089
-0.07538126409053802,-0.14813990890979767,-0.1350858062505722,-0.18716740608215332,-0.17016494274139404,-0.17488154768943787
-0.16006840765476227,-0.17157918214797974,-0.23073746263980865,-0.18538151681423187,-0.27600497007369995,-0.22662217915058136
-0.052882302552461624,-0.1443759649991989,-0.1486274152994156,-0.16685651242733002,-0.26007330417633057,-0.2680076062679291
-0.03213130310177803,-0.1526077836751938,-0.1315668672323227,-0.22487229108810425,-0.2292325496673584,-0.2450970858335495
-0.19429168105125427,-0.27296969294548035,-0.2213037610054016,-0.2769683599472046,-0.21691009402275085,-0.2800724506378174
-0.14856670796871185,-0.20345580577850342,-0.18015196919441223,-0.21352997422218323,-0.1740902066230774,-0.2366151362657547
-0.11977682262659073,-0.17020145058631897,-0.1589554250240326,-0.18780650198459625,-0.16774076223373413,-0.2096870094537735
-0.13323791325092316,-0.2038775384426117,-0.17939196527004242,-0.2196546494960785,-0.19931143522262573,-0.23020903766155243
-0.10789783298969269,-0.1799514889717102,-0.14450205862522125,-0.1886264979839325,-0.1538032740354538,-0.2060631662607193
-0.06358014047145844,-0.10766656696796417,-0.10948744416236877,-0.11501425504684448,-0.12764455378055573,-0.14035440981388092
-0.05434130132198334,-0.12317590415477753,-0.11403071135282516,-0.14596231281757355,-0.1539081484079361,-0.1592327058315277
-0.039754800498485565,-0.09437082707881927,-0.0941832885146141,-0.11041244119405746,-0.1346714347600937,-0.12534482777118683
0.014295521192252636,-0.054666634649038315,-0.037146974354982376,-0.07376819103956223,-0.06729690730571747,-0.07328678667545319
0.039829496294260025,-0.051710136234760284,-0.019000692293047905,-0.07027985155582428,-0.05662066861987114,-0.07256150990724564
-0.03309686481952667,-0.10655709356069565,-0.10678569227457047,-0.10264082998037338,-0.15214689075946808,-0.1447775810956955
-0.003911662846803665,-0.1029265746474266,-0.0798075795173645,-0.1400759071111679,-0.14516755938529968,-0.13422974944114685
-0.06901038438081741,-0.1494745910167694,-0.11864961683750153,-0.1483348309993744,-0.13684043288230896,-0.15249638259410858
-0.08484406024217606,-0.14948494732379913,-0.14158007502555847,-0.1568830907344818,-0.17554645240306854,-0.18143853545188904
-0.015233704820275307,-0.1145777478814125,-0.09597700834274292,-0.14962708950042725,-0.16659632325172424,-0.15927089750766754
-0.12466195225715637,-0.19224372506141663,-0.17838047444820404,-0.19333399832248688,-0.21263255178928375,-0.21817798912525177
-0.13786476850509644,-0.16238875687122345,-0.1710452139377594,-0.16551145911216736,-0.18800102174282074,-0.18165794014930725
-0.14695854485034943,-0.15256290137767792,-0.17437447607517242,-0.16188888251781464,-0.1896951049566269,-0.165491983294487
-0.20296257734298706,-0.2206747680902481,-0.2551584541797638,-0.22200946509838104,-0.2884541153907776,-0.2331615388393402
-0.20306852459907532,-0.2541412115097046,-0.23702967166900635,-0.24975912272930145,-0.27851077914237976,-0.28688108921051025
-0.16026781499385834,-0.2009006291627884,-0.19618983566761017,-0.2097672075033188,-0.22422932088375092,-0.23161287605762482
-0.12972721457481384,-0.1921326071023941,-0.16858510673046112,-0.20167367160320282,-0.19913020730018616,-0.21474945545196533
-0.12175919860601425,-0.18340447545051575,-0.16374406218528748,-0.19254109263420105,-0.19560539722442627,-0.2085803598165512
-0.038732532411813736,-0.14116349816322327,-0.08494452387094498,-0.15121491253376007,-0.1296275407075882,-0.1593218892812729
-0.11664135009050369,-0.17488518357276917,-0.1545456498861313,-0.18367557227611542,-0.18536846339702606,-0.1972547322511673
-0.04892934858798981,-0.09560759365558624,-0.08623327314853668,-0.10670486092567444,-0.12806828320026398,-0.12064291536808014
0.04864077270030975,-0.03459221497178078,-0.005535612348467112,-0.06396874785423279,-0.054140590131282806,-0.05869770422577858
-0.0012340060202404857,-0.07779639959335327,-0.05103481933474541,-0.09861182421445847,-0.09166819602251053,-0.09860765933990479
-0.028260748833417892,-0.09875451028347015,-0.0738571435213089,-0.1171800047159195,-0.10976717621088028,-0.11464189738035202
-0.0007621896220371127,-0.07307812571525574,-0.05126573145389557,-0.09521666914224625,-0.09399022907018661,-0.09428080916404724
-0.008418288081884384,-0.10228698700666428,-0.06853362172842026,-0.1303696483373642,-0.12040755897760391,-0.12579351663589478
-0.07754722982645035,-0.16579970717430115,-0.12785595655441284,-0.17554660141468048,-0.16064319014549255,-0.17859990894794464
-0.1467670202255249,-0.22626188397407532,-0.19180946052074432,-0.23846162855625153,-0.22237779200077057,-0.2398158311843872
-0.3131365180015564,-0.3101016581058502,-0.3230648934841156,-0.28308361768722534,-0.32082968950271606,-0.3203548789024353
-0.11969482898712158,-0.13039688766002655,-0.1587824672460556,-0.1416391134262085,-0.20616911351680756,-0.16884993016719818
-0.020415063947439194,-0.08397918939590454,-0.06815975904464722,-0.10058702528476715,-0.12058278918266296,-0.11572901159524918
0.13103744387626648,0.042486973106861115,0.07370888441801071,-0.006906493566930294,-0.006861280184239149,2.7367699658498168e-05
0.1786581575870514,0.03415042534470558,0.11382723599672318,-0.01497613824903965,0.039814963936805725,0.02506507746875286
0.05646878480911255,-0.07389683276414871,-0.0031826540362089872,-0.09622938930988312,-0.04765917733311653,-0.08012227714061737
-0.037715524435043335,-0.1214584931731224,-0.08607719838619232,-0.1256903111934662,-0.12820374965667725,-0.14927388727664948
-0.07325465977191925,-0.15121406316757202,-0.1283278614282608,-0.17282849550247192,-0.17335480451583862,-0.18279922008514404
-0.055961158126592636,-0.11503344029188156,-0.10168815404176712,-0.12717647850513458,-0.14502036571502686,-0.14267125725746155
-0.02346603013575077,-0.09063737094402313,-0.074809730052948,-0.11785472184419632,-0.1216522604227066,-0.12016700953245163
-0.05777055770158768,-0.12741859257221222,-0.09587910026311874,-0.136891171336174,-0.11869007349014282,-0.14557497203350067
-0.010628458112478256,-0.06945140659809113,-0.062381014227867126,-0.0844196081161499,-0.10435709357261658,-0.10657387226819992
0.1182607114315033,0.05281832814216614,0.05031413957476616,0.02118157409131527,-0.027399742975831032,-0.009658684022724628
0.25542235374450684,0.14379073679447174,0.10728032141923904,0.06430366635322571,-0.04702867567539215,0.005320135969668627
0.030417388305068016,-0.12168863415718079,-0.03606663644313812,-0.1652541607618332,-0.09750013053417206,-0.13816550374031067
-0.06070135161280632,-0.11368826776742935,-0.11952391266822815,-0.13255999982357025,-0.16429397463798523,-0.15549424290657043
0.05914441868662834,-0.010338402353227139,0.014791041612625122,-0.04505031183362007,-0.04072358459234238,-0.04587202146649361
0.12277023494243622,0.05138784646987915,0.07140956819057465,0.012814934365451336,0.017272798344492912,0.013235718011856079
0.3209039568901062,0.2359474003314972,0.2551933825016022,0.15709006786346436,0.15114061534404755,0.17488470673561096
0.14102281630039215,-0.0035773904528468847,0.07620655000209808,-0.05428330972790718,0.02154437266290188,-0.006255351472645998
0.08599869906902313,-0.03269047662615776,0.03772424906492233,-0.0663653314113617,0.006993337534368038,-0.036131441593170166
0.07155550271272659,-0.04213487356901169,0.05881033092737198,-0.04214553162455559,0.026512259617447853,-0.057871874421834946
0.07547207921743393,-0.03540541231632233,0.018631653860211372,-0.09363548457622528,-0.0623495988547802,-0.08631550520658493
0.03918769210577011,-0.03925492614507675,0.011365626938641071,-0.07930542528629303,-0.029074668884277344,-0.06301905959844589
-0.09369063377380371,-0.15935002267360687,-0.12957262992858887,-0.17815616726875305,-0.15301930904388428,-0.1734369546175003
-0.07942140102386475,-0.13316960632801056,-0.12113754451274872,-0.15465237200260162,-0.1653742790222168,-0.17316719889640808
-0.09784454852342606,-0.14609184861183167,-0.14737339317798615,-0.16000407934188843,-0.18606668710708618,-0.1966804414987564
-0.010155237279832363,-0.07187823206186295,-0.11002916842699051,-0.1090288832783699,-0.19102780520915985,-0.14056116342544556
-0.053685251623392105,-0.12797100841999054,-0.11982918530702591,-0.1649034470319748,-0.1706491857767105,-0.1517619788646698
-0.13247378170490265,-0.18827500939369202,-0.18179310858249664,-0.21838828921318054,-0.21965515613555908,-0.22146889567375183
-0.12688803672790527,-0.15442310273647308,-0.1803128719329834,-0.18538831174373627,-0.2205851823091507,-0.20298948884010315
-0.09244418889284134,-0.14106988906860352,-0.15126246213912964,-0.18271669745445251,-0.20897242426872253,-0.187230184674263
-0.13158296048641205,-0.17985497415065765,-0.18090255558490753,-0.2104463130235672,-0.21449613571166992,-0.21562260389328003
-0.17350520193576813,-0.21491175889968872,-0.21672962605953217,-0.23902219533920288,-0.24107079207897186,-0.24783384799957275
-0.21178661286830902,-0.25073280930519104,-0.2658017575740814,-0.2746034860610962,-0.31076061725616455,-0.2990298867225647
