"","A","C","D","H","I","O","T"
"1","young","none",0,"none",87.9381562098007,47.3318821866383,258.791485932285
"2","young","none",0,"none",109.775274956282,64.0584987790717,289.025796246232
"3","adult","none",3.96196550222853,"any",1317.66390225784,167.782701667637,1643.56295897306
"4","young","none",0,"none",141.553822154922,50.6514751815393,316.621444741012
"5","old","mild",0,"none",26.1011469664187,346.68031227791,529.92769220507
"6","adult","none",0,"none",99.7075523343458,207.26676094067,433.798049554531
"7","adult","none",0,"none",55.7800943173273,173.125967220687,358.882057321253
"8","old","none",6.95609979121468,"any",2170.35013477385,400.753647157462,2757.65377773959
"9","adult","none",0,"none",92.0136746916575,169.870432835707,387.638211331578
"10","young","none",0,"none",89.2497059573955,63.3801237745797,285.406013259608
"11","young","none",1.54287053961341,"any",583.819513270822,77.0041425292852,779.681958183317
"12","old","none",0,"none",96.3043737686703,350.408211211187,580.508817792754
"13","adult","none",5.66494045881157,"any",1786.36781389411,180.439613287467,2140.88682346239
"14","young","none",0,"none",36.4064348506155,44.9232840575433,220.429545954079
"15","adult","mild",0,"none",83.4242711292227,164.1777080273,371.147618722641
"16","adult","none",0,"none",40.2835823634872,168.615749840854,347.801683773865
"17","adult","none",0,"none",138.158780922793,159.521091010455,436.094137703536
"18","adult","mild",0,"none",125.94701294043,196.041104882547,451.559965672524
"19","old","none",0,"none",153.191802209274,380.330439503421,666.608396227783
"20","adult","none",0,"none",63.7313873721821,198.412239875409,408.252112779036
"21","adult","none",0,"none",80.6080405998598,124.642447906698,320.789300636112
"22","young","none",1.19201133210143,"any",468.953501726333,59.2210363783021,667.963680226291
"23","old","mild",5.54852998980095,"any",3108.99638772364,291.702101843545,3589.18167712662
"24","adult","none",0,"none",58.7274789624216,174.622481163336,368.99127693924
"25","adult","none",0,"none",80.9947078409561,196.864787668728,405.779829877788
"26","adult","none",0,"none",156.332384236275,163.31969345806,458.956426621146
"27","adult","none",0,"none",127.065316366917,189.864432245035,435.014506406929
"28","old","mild",0,"none",108.795188554232,432.139335655913,674.19227552223
"29","adult","mild",2.29812739607249,"any",1312.89484286953,186.79044676644,1657.8901019173
"30","old","none",0,"none",129.016417806757,407.113529776603,677.445598477785
"31","adult","none",5.08349000782295,"any",1626.81234662023,137.75261299563,1926.15998124075
"32","old","mild",0,"none",17.1009974323362,349.004743426129,500.965633124845
"33","young","none",0,"none",90.5973623642922,66.5944295592484,308.772381527154
"34","adult","mild",0,"none",181.658333548083,166.167583741542,486.677295688457
"35","adult","none",0,"none",50.8106390886687,178.5408176094,350.459977947771
"36","adult","none",0,"none",97.2598222997653,214.437799994961,433.567140045543
"37","young","none",0,"none",106.121049165033,58.2359506542324,295.891728596711
"38","young","none",0,"none",36.0536940394596,51.1707964170624,211.784698765892
"39","young","none",0,"none",88.26950177327,51.0048219051631,271.101057227324
"40","young","mild",0,"none",111.503153871704,43.8489973100867,274.694812461395
"41","young","none",0,"none",103.669050805445,54.0184617402109,269.353787493268
"42","young","none",0,"none",104.470815230401,52.3230585429603,271.090245409666
"43","young","none",0.763267781030814,"any",229.867965024756,43.8067204018287,406.331167683369
"44","old","mild",0,"none",155.88678932588,355.407558379683,656.045163781488
"45","old","mild",0,"none",98.5422554211117,332.670569285355,569.203253411606
"46","adult","none",3.93638507025451,"any",1279.24356425671,149.726419500234,1581.77310717188
"47","young","none",0,"none",136.851397994914,50.9904040629592,312.051203570924
"48","old","mild",0,"none",232.612536420349,376.670669721445,749.348064749844
"49","young","none",0,"none",33.032287891521,53.6550899217665,209.845714418144
"50","old","mild",4.71377115921729,"any",2707.65190849367,346.339100024784,3247.10411895181
"51","adult","none",0,"none",100.076308230957,175.419134409298,417.404393503087
"52","adult","severe",0,"none",253.783338207833,150.453692568654,558.40785007609
"53","young","none",0,"none",123.428180695039,52.1071014845876,288.924908289615
"54","adult","none",0,"none",56.3834813109541,160.581819537925,356.091938649071
"55","adult","severe",0,"none",11.6252785768531,165.572442609629,295.329139923019
"56","adult","none",0,"none",87.6269831930278,188.995772909004,392.597541987643
"57","adult","none",0,"none",101.321492092684,200.357580725223,429.509379996781
"58","adult","none",0,"none",93.5966815228276,193.843535935923,410.401127251421
"59","adult","none",0,"none",95.2785221363022,173.35809483739,400.16215701548
"60","young","none",1.01870177065123,"any",441.123162999602,55.4329912357224,627.155085004413
"61","young","none",0,"none",123.298408063693,65.181938279218,304.401749250602
"62","young","none",1.83031599774384,"any",660.804040581816,53.619257843092,842.039114760418
"63","old","none",0,"none",108.784709786328,364.179174443083,622.22055926172
"64","adult","none",4.53238823264251,"any",1448.6311045133,162.692027009097,1763.96463287373
"65","young","none",0,"none",77.5943749093629,44.0803889638851,255.699917689471
"66","young","none",0,"none",63.2933326919285,56.9137323425766,240.309034690156
"67","young","none",0,"none",124.785596368872,74.3467317794386,334.002747825376
"68","old","none",5.91535129446425,"any",1873.92063364465,334.477157695493,2384.82853135554
"69","adult","none",0,"none",59.8491081217533,179.993643879811,366.636578135574
"70","adult","none",0,"none",138.197454759003,196.241699562219,473.739809242156
"71","adult","none",4.42991466518193,"any",1435.77564249451,152.982991855759,1739.86954200795
"72","adult","none",4.52244771169215,"any",1508.29007637241,183.628261329163,1865.07536735522
"73","old","mild",10.3148059250771,"any",5706.72981113067,394.046248707204,6342.83865345227
"74","old","mild",0,"none",8.71549852659867,299.332266344605,451.488037123556
"75","adult","none",0,"none",51.4111255812323,223.817958486209,397.171100075121
"76","adult","mild",0,"none",108.040968105145,180.370018077224,402.547534292446
"77","old","none",0,"none",130.44772064078,392.901573022373,658.16777966746
"78","old","mild",0,"none",62.7491021027014,395.103652272337,596.627972216776
"79","adult","none",0,"none",36.034957259256,194.299481219427,362.672321837433
"80","adult","none",0,"none",89.6555170287738,191.534339065891,410.112248767215
"81","old","none",8.13972414240457,"any",2557.1169597892,463.699974069156,3221.36040084181
"82","old","mild",9.82355755286488,"any",5560.35726688009,384.014698688021,6184.18347904872
"83","young","none",0,"none",29.0751877470495,62.819700968375,219.379814037654
"84","adult","none",0,"none",61.3170294223331,190.294770653517,393.337303614958
"85","old","mild",4.31238986021824,"any",2541.37380927811,322.321174973389,3050.74813333121
"86","old","mild",0,"none",152.113546556478,324.216407111512,623.175181923774
"87","adult","none",0,"none",76.2297761408169,154.125963270244,369.651530868188
"88","adult","none",4.08078302077947,"any",1328.95940214257,143.923809803025,1634.07072212817
"89","old","mild",7.34014172560416,"any",4080.77404449364,392.744264665386,4683.28449815254
"90","old","none",0,"none",166.919491861873,363.701868579491,677.922933498302
"91","old","mild",6.94290557295982,"any",4004.69271051006,312.249773460018,4524.3990602834
"92","adult","none",0,"none",103.262045225449,179.400240143834,418.874745030874
"93","adult","mild",2.97227673112148,"any",1674.02131244302,210.878668644795,2071.08800129588
"94","young","mild",0,"none",182.06368059337,67.525838376605,373.446890247108
"95","adult","none",0,"none",100.328969532042,171.586003964389,401.5071437507
"96","adult","none",2.8309198973253,"any",964.221489957229,168.786488957178,1297.81970107333
"97","adult","severe",0,"none",33.0805825959682,200.996419537738,360.514787622206
"98","old","none",7.30848915710975,"any",2249.85306716275,336.866531397345,2771.71605220781
"99","old","none",0,"none",11.0245130465375,396.186655950195,557.335089465293
"100","adult","none",5.01424332224153,"any",1563.99827913293,190.410212407014,1897.50930657783
"101","young","none",0,"none",99.6936461340948,63.0397976652914,277.162139747789
"102","adult","none",0,"none",127.596852073485,143.371522237504,407.565972090413
"103","young","severe",0,"none",206.269202766857,48.9675078695648,379.789742405407
"104","old","mild",0,"none",111.55925393032,414.841589787734,681.29210689699
"105","adult","none",0,"none",139.248108788477,193.557445095797,467.806119220551
"106","young","none",0,"none",64.4234468516811,53.5341182238628,248.539009525151
"107","young","none",0,"none",126.290309896642,62.8333286437618,322.535652036282
"108","adult","none",0,"none",58.6357799267788,193.332765649803,383.096828574232
"109","young","none",0,"none",146.973094474362,55.0792741798727,328.90900077761
"110","old","none",3.66501029722769,"any",1194.15161707315,345.830460179421,1706.36892756698
"111","old","mild",0,"none",105.420853353218,366.39508926857,594.705052670826
"112","young","none",0,"none",64.0677020292155,67.6421156525562,268.588488761839
"113","young","none",0,"none",118.156699206906,68.64511000622,327.606001084654
"114","adult","none",0,"none",129.299126899406,158.099557895652,420.908844070234
"115","adult","none",0,"none",80.8153270719567,198.218015775574,413.091597234201
"116","old","mild",4.9440666905578,"any",2775.25912027539,268.522113732699,3225.18839429204
"117","old","none",10.0012058874635,"any",3149.77709064747,325.977660841034,3666.13789564973
"118","adult","none",5.27746788701242,"any",1632.51849061024,152.436334828672,1950.97794344811
"119","old","mild",0,"none",53.0533371560474,329.106151012807,516.931099225198
"120","adult","none",0,"none",85.0832158202634,178.188220417534,405.026639938888
"121","old","mild",0,"none",84.4413576342554,304.440108862177,511.037349672285
"122","adult","mild",0,"none",82.160943633977,153.649299957352,355.8770728973
"123","young","none",0,"none",62.0450745756412,57.1828561789244,241.825174872778
"124","old","mild",0,"none",76.1443189793854,386.601441161925,591.118016950392
"125","adult","none",0,"none",110.603167087029,197.160173260475,434.902109469862
"126","adult","none",0,"none",93.1352572507274,166.098942408771,406.333212484893
"127","adult","severe",0,"none",47.6681902375124,196.298818335019,359.189092354926
"128","old","mild",4.38853373111241,"any",2431.01635950203,386.367848460337,3003.33377698561
"129","old","mild",0,"none",134.928666273784,393.191004250097,667.395836509224
"130","young","none",0,"none",70.0451476952233,46.1181033619195,263.779374697607
"131","old","mild",0,"none",-25.412744431238,368.81237477354,473.107350778043
"132","adult","severe",0,"none",189.05245138843,171.739757817799,487.516060823972
"133","adult","none",0,"none",114.753886513984,179.185546767788,412.085294641983
"134","young","none",0,"none",83.4804542026323,65.6890700967009,267.348612541747
"135","adult","none",4.56309546455934,"any",1425.19496953492,167.24044165614,1757.80891896697
"136","young","none",0,"none",121.415995319292,58.8073896960558,300.309383610231
"137","adult","mild",0,"none",123.740271871257,186.884208279579,442.664086104416
"138","old","none",8.37586364703223,"any",2633.6018714488,359.988065467573,3189.88249462907
"139","old","mild",6.90820366798693,"any",3941.66374361601,388.132512818342,4555.39962036318
"140","young","mild",0,"none",14.4019232932867,59.7844189966328,195.298111244763
"141","young","none",0,"none",61.2615700156489,49.917987403336,250.205000455763
"142","adult","none",0,"none",107.154510429698,194.370553018887,405.200560142165
"143","young","none",0,"none",131.300653257563,73.138987165742,327.146374632762
"144","adult","mild",0,"none",119.018779153289,191.945152692102,437.780323110383
"145","old","none",0,"none",78.8321840718938,421.096765581419,647.746617926213
"146","adult","mild",0,"none",147.933683629192,192.433356075249,475.546190403858
"147","young","none",0,"none",133.510585716971,37.189797892669,287.896725611877
"148","young","none",0,"none",83.2134138840883,60.3579525994333,271.146708262564
"149","young","none",0,"none",33.0048627466762,33.0090399971326,192.069371300919
"150","adult","none",0,"none",149.495895373039,163.843752120604,450.703940946289
"151","old","none",0,"none",149.610345534859,318.968940804566,593.776948002954
"152","adult","none",0,"none",113.662215625089,163.047798472457,400.784267622515
"153","young","none",0,"none",61.6945248814648,55.0585156450298,251.584582599192
"154","old","none",0,"none",114.656570393503,317.056047938743,558.651011139687
"155","young","none",0,"none",138.028769137792,51.9030401289205,322.310951331848
"156","young","none",0,"none",172.37466579627,73.0890135578901,364.637239242016
"157","adult","severe",0,"none",242.759589030128,158.128643965116,528.263746596035
"158","adult","none",0,"none",105.665016753997,210.934876863546,427.258146666017
"159","young","none",0,"none",126.378520197136,76.0277596838988,339.23162750551
"160","adult","none",0,"none",61.5630078943384,170.104287591146,348.964097702393
"161","adult","none",0,"none",90.940429815522,184.748480499549,409.875252022616
"162","young","none",0.3784036953946,"any",240.059548644045,58.9893608024869,422.472737578457
"163","adult","none",3.87856631826863,"any",1318.65533197295,184.983655719485,1646.84562163383
"164","young","none",0.973380391013894,"any",382.232803028272,81.7040351674388,596.593107518241
"165","old","mild",7.3807934414995,"any",4155.07002197372,399.405128089755,4781.17100791709
"166","adult","none",0,"none",111.666562871559,160.478761171801,419.240833973907
"167","adult","none",0,"none",117.23790823849,181.384823831856,417.704787140907
"168","adult","none",0,"none",160.838998302632,177.476805657141,473.698892980815
"169","adult","none",0,"none",69.1445762916745,184.047086725198,380.373521373715
"170","old","mild",8.33595062664567,"any",4671.54550058238,363.623444299085,5261.41804155898
"171","adult","none",0,"none",47.6842237085139,174.816237804007,338.683822234687
"172","adult","none",2.26750458814551,"any",798.985300366016,143.597544385642,1099.18926939987
"173","adult","none",0,"none",95.5993821371805,165.714876225666,386.037165858085
"174","adult","none",0,"none",66.3372211006889,157.138295850547,354.29737165681
"175","young","none",0,"none",138.520668592032,46.4488983540629,324.264318398481
"176","adult","none",0,"none",62.0254360047714,127.454131549107,324.989928522179
"177","young","none",1.10304523732277,"any",401.551834001063,61.3567873015239,585.628453442801
"178","young","severe",0,"none",144.125958246567,58.4628840308861,314.305299518321
"179","young","none",0,"none",57.1995832364018,50.0884092755829,216.309232093109
"180","young","none",0.686523371203145,"any",329.685991019502,45.8013666107577,505.905015448702
"181","young","none",0,"none",137.665648668124,65.2563041527982,336.276098374082
"182","old","none",0,"none",106.916011685893,408.902865148424,669.230392293896
"183","young","none",0,"none",66.7998182210918,59.5960019494385,263.804743499394
"184","adult","severe",0,"none",-101.772378258693,186.429203210853,217.655106147975
"185","old","mild",0,"none",88.2723233380914,374.217494503819,613.195302085095
"186","adult","none",0,"none",91.647845644433,174.291916124964,379.782576904705
"187","old","mild",0,"none",66.4681103663355,437.036892780369,632.418042742367
"188","old","mild",10.0161496126472,"any",5591.78957693859,325.390784101922,6160.29730444624
"189","adult","mild",0,"none",78.6979904533819,173.801617862702,399.187834055138
"190","young","none",0,"none",137.005025881849,47.9231499645018,313.455213917839
"191","adult","mild",2.86567884889569,"any",1634.48179662241,170.17767903068,1976.09787868749
"192","young","none",0,"none",77.2577588726937,52.7819519403903,243.72184645501
"193","old","mild",0,"none",107.183308664725,302.076906176667,565.691989772427
"194","young","mild",0,"none",13.6482614505959,51.9030890661386,194.833744360292
"195","adult","none",0,"none",71.2442652025093,148.962319673694,353.578821654431
"196","adult","none",0,"none",114.062201592808,212.301487455465,456.269566627121
"197","adult","none",0,"none",129.601964727881,172.690342071724,415.766556745287
"198","adult","none",0,"none",137.734209485235,190.904899144346,459.092117883717
"199","adult","mild",0,"none",99.4209307523655,154.509249912364,355.321342561611
"200","adult","none",0,"none",119.336662426085,186.610221986908,446.725835420313
"201","adult","none",0,"none",118.338192638357,150.772404945684,377.512154958186
"202","young","none",0,"none",76.241166812429,59.0776019211664,276.809175170911
"203","adult","mild",0,"none",52.6021132199041,191.246800300066,364.775030818575
"204","old","mild",0,"none",98.4370353241489,358.08203219435,588.099736128797
"205","young","none",0,"none",97.6681174856142,62.1820695512875,276.263543746383
"206","old","mild",8.45796602378749,"any",4800.98756482634,316.917123713223,5362.11356320429
"207","adult","none",0,"none",129.23608053879,199.527388907593,465.422907034646
"208","young","none",0,"none",76.0578065666736,36.3227388782336,239.493490763559
"209","young","none",0,"none",120.01403758053,71.7678962362001,330.983032485171
"210","adult","none",2.78076941835582,"any",960.720202857248,151.834163521399,1244.0896104236
"211","old","mild",6.62594113752331,"any",3707.69443895609,321.259741097813,4239.76966179662
"212","adult","none",0,"none",107.007795464859,214.400361556666,447.506273072997
"213","young","none",0,"none",154.023708658593,64.1826711235144,356.906367940368
"214","adult","none",0,"none",121.291399895189,173.431444061284,423.754372276866
"215","young","none",0,"none",78.6527335317381,73.4585801628816,262.21377241941
"216","adult","none",0,"none",80.241195303004,188.728176545728,402.650078185257
"217","old","mild",9.17935650557283,"any",5138.39574202085,323.270372204083,5699.33009167535
"218","young","none",0,"none",82.9816253868203,36.450409317317,233.652827752198
"219","old","none",9.09228848938566,"any",2818.9377367296,342.483249885258,3343.20782245623
"220","young","none",0,"none",109.104916379911,60.4755567598838,296.680845772591
"221","old","mild",0,"none",91.6103315669195,337.048437307246,570.777763508967
"222","young","none",0,"none",131.098849490521,46.0834511284288,312.002991857635
"223","adult","none",0,"none",84.3684931188903,183.155563192468,410.769183366348
"224","old","mild",0,"none",104.651076411,364.795640767721,615.781720227961
"225","old","none",0,"none",109.794503487179,339.676016104697,580.944651278975
"226","young","none",0,"none",107.592450408894,63.7510982244846,284.088188560856
"227","old","mild",0,"none",139.867754528505,321.779616143697,605.043997621202
"228","adult","none",3.95936243651051,"any",1324.5021527215,176.059872589421,1652.69743223209
"229","adult","none",3.40714203535636,"any",1163.03090656111,183.240131792282,1484.80208244709
"230","adult","none",4.72473755604931,"any",1518.62725229373,196.137047275861,1874.41155220967
"231","adult","none",0,"none",129.573885049101,216.25520007993,492.599655837659
"232","young","none",0,"none",145.313567636324,45.0366117767461,319.827362417093
"233","young","none",0,"none",90.1692382543431,56.0928377806966,264.241992440616
"234","old","none",0,"none",136.265490243276,378.673134029698,679.846481917279
"235","young","mild",0,"none",98.1500886569329,63.0837664689738,283.438206438239
"236","young","none",0,"none",81.132454705334,48.2024029524702,250.663824667817
"237","old","none",0,"none",64.9458505647839,364.707172992688,570.842012596368
"238","adult","none",0,"none",56.0891750381904,170.572954046611,360.904136510029
"239","adult","mild",0,"none",159.827989433683,130.617326173753,415.135083144889
"240","young","none",0,"none",120.430988702956,50.2357134224191,291.926131044919
"241","old","mild",9.58804325118416,"any",5394.51908398716,330.524173564876,5982.18340409003
"242","young","none",0,"none",128.929998830928,48.9149808151194,310.212916944717
"243","old","none",0,"none",132.537559055263,330.209743360238,590.63869550216
"244","adult","mild",0,"none",48.6862822338762,189.832305980336,377.918953254889
"245","adult","none",0,"none",117.677241109207,228.987322755337,484.263354994193
"246","old","none",4.90342629063417,"any",1565.46585263388,337.420704480264,2074.93677280275
"247","young","none",0.729133624062189,"any",343.941209201442,73.7293465010272,552.133244386974
"248","young","none",0,"none",125.92414787386,58.5654112970635,315.836197720696
"249","adult","mild",0,"none",64.754743500695,147.531330903367,331.068343382811
"250","old","none",0,"none",87.4209913015672,335.875835935283,546.89564503544
"251","young","none",0.502718674795595,"any",227.630078676839,41.7971881097766,401.612013008333
"252","adult","none",0,"none",98.9785035386971,188.811736944253,412.564197637592
"253","adult","none",0,"none",99.7211562018568,181.119548931283,402.284108535403
"254","adult","none",0,"none",44.8099483150065,198.95327078702,386.614290347279
"255","young","none",0,"none",111.536946344662,66.5432758723364,295.868034471763
"256","adult","none",0,"none",73.9439095457255,203.16083013113,419.2162933112
"257","adult","none",0,"none",135.673528094942,174.806519156331,436.104063982659
"258","old","mild",0,"none",93.3093276697744,428.264020754023,659.913679559731
"259","young","none",0,"none",50.4261931018429,51.2072751447431,240.419162674994
"260","adult","none",0,"none",98.9028665848607,166.365898643218,399.903325540538
"261","young","none",0,"none",116.060786476605,58.601777806742,298.114908146037
"262","young","none",0,"none",134.134224257221,53.1436682959723,308.215788901571
"263","old","none",7.52575123808066,"any",2368.11121388091,373.808319594213,2919.16647165685
"264","adult","none",0,"none",69.5708199146333,205.783109700492,421.0796138547
"265","adult","mild",0,"none",103.549737933707,208.806503643983,447.639488457463
"266","adult","none",3.51427359839844,"any",1150.07026475658,176.900189281919,1473.15989094486
"267","old","none",0,"none",112.876759376433,443.351380036596,703.904090944346
"268","old","none",6.83759801472103,"any",2175.61029344881,308.306369598406,2680.3722463585
"269","young","none",0,"none",159.671517583027,60.5523239842669,340.052436923876
"270","young","none",0,"none",116.619754021931,69.1373623604005,325.21946779354
"271","adult","mild",1.42899879999539,"any",918.069769280682,156.717458443706,1232.92284727905
"272","adult","none",0,"none",97.2891052888362,193.926962384176,425.451502431812
"273","adult","none",0,"none",73.7751328427584,200.304951365416,396.279462215366
"274","old","mild",0,"none",33.2353460763387,383.598687328311,554.258066106544
"275","young","none",0,"none",126.53330089531,55.9158120276134,319.253317281826
"276","young","mild",0,"none",190.898716208482,46.616703167018,360.961955239407
"277","young","none",0,"none",126.07977269851,58.7662518843796,314.99403548823
"278","young","none",0,"none",101.548816232882,43.8507679197305,276.560386938306
"279","adult","none",0,"none",-2.41419242872399,221.238463858878,345.85495461838
"280","old","mild",0,"none",110.057082890186,418.803311076566,690.62049099846
"281","young","none",1.03206368214322,"any",421.790596032175,59.2699693655522,601.296732593081
"282","old","mild",0,"none",146.90083039407,330.298551937788,615.8675187896
"283","adult","none",0,"none",107.609099554463,187.384623255138,431.216976943182
"284","old","mild",0,"none",114.298851326677,298.999606162734,552.164411254456
"285","young","none",0,"none",139.584434652759,57.1581917219498,333.401507650556
"286","adult","none",2.65541880485283,"any",896.288376099571,148.005176274016,1190.89808361852
"287","adult","mild",5.34613929566444,"any",3027.63643490548,176.757467900322,3390.07644337229
"288","old","mild",0,"none",142.908230182089,376.936262131367,655.843914655174
"289","old","mild",0,"none",66.7517884163515,374.922612490284,573.400625387189
"290","adult","mild",0,"none",19.8164380312971,185.087044589721,332.230942487624
"291","adult","none",4.49421851001801,"any",1423.84029872732,150.518249023699,1739.51434131116
"292","old","mild",0,"none",141.341617171414,351.391348681018,645.434620111541
"293","old","none",0,"none",117.606417955414,431.052132016394,693.453178376641
"294","old","none",0,"none",104.679785475851,351.032788523384,591.147755535593
"295","young","none",1.25315666012926,"any",519.966235436486,62.1439467615281,709.138191951308
"296","adult","mild",0,"none",125.360221889878,183.418330461577,445.159850785417
"297","old","mild",0,"none",139.294802765585,332.110763847806,598.251731282566
"298","adult","none",0,"none",72.9175359106815,180.983048649989,390.304676029039
"299","young","none",0,"none",71.6579860160162,51.7323170029088,253.717698774195
"300","young","none",0,"none",128.551962267121,63.1650168650337,305.883596439953
"301","adult","none",0,"none",59.3709542079206,162.367672853721,355.608439850833
"302","adult","none",4.46828445155858,"any",1419.65348677564,172.679227184,1759.59606174315
"303","adult","none",0,"none",157.584072067377,174.099547617312,481.534666156983
"304","old","mild",0,"none",83.2410729667814,320.655059098727,541.053777832688
"305","young","none",0,"none",111.569646293782,56.7844604982455,285.572711625678
"306","old","mild",0,"none",24.4252694140869,301.82317165478,462.301183087659
"307","adult","none",0,"none",93.0050966576232,164.69935041593,381.997951322786
"308","adult","none",0,"none",123.756676950315,169.192571190718,417.211449276743
"309","adult","none",2.24995133081682,"any",736.384627583517,168.130314388427,1067.46839983532
"310","old","mild",0,"none",19.3862528517182,322.980861050573,466.998695740295
"311","adult","mild",0,"none",124.706262723332,187.101576855719,435.633885227529
"312","old","none",0,"none",135.565085121527,410.878408704152,694.740880874982
"313","adult","none",0,"none",137.546465749139,174.846536931593,439.670012031537
"314","young","none",0,"none",117.315714548659,65.8563870539558,311.828004997738
"315","old","mild",9.8095897032344,"any",5397.61476467953,320.4176440464,5967.3636925754
"316","young","none",0,"none",112.177753803802,55.636668702286,285.814123553332
"317","adult","none",0,"none",103.984630365355,229.2020501992,464.322695614914
"318","old","none",6.0791801656037,"any",1892.61070372389,341.510258342237,2417.37787196681
"319","adult","none",0,"none",85.0537167687189,190.54759550403,405.524155017543
"320","adult","none",0,"none",79.5914375851535,181.811648098801,390.062457073706
"321","adult","mild",0,"none",122.310094658131,174.095676120876,443.767605386872
"322","adult","none",0,"none",118.985891996935,192.038810691056,438.541048479782
"323","adult","none",0,"none",51.9612276315295,167.203368276673,350.236430708253
"324","young","none",0,"none",128.507810061544,44.8941409340031,297.32862988007
"325","young","none",0,"none",151.677650124226,69.1970914004697,353.456092121643
"326","adult","none",0,"none",146.767462541666,214.415486455067,504.317208870419
"327","old","mild",6.57488012233583,"any",3705.5377552952,315.98143389752,4228.75782472349
"328","young","none",0,"none",109.971769722387,51.3417703506362,293.027408640037
"329","old","none",0,"none",133.374859899039,365.094022048092,641.904053115908
"330","young","severe",0,"none",230.756403723514,47.6957144532337,405.585539163566
"331","adult","none",3.99153411752037,"any",1249.02692714944,150.14664466719,1545.48367678451
"332","old","none",0,"none",83.0076010968544,424.846650385987,636.717138957024
"333","old","none",0,"none",79.6844537912657,381.02034221935,608.850704489649
"334","adult","mild",0,"none",104.146438246968,204.2453757285,441.746892878145
"335","adult","severe",0,"none",-45.575294668527,143.108978116211,218.744707470324
"336","adult","none",0,"none",103.928566564485,189.623852843197,422.927918592522
"337","young","none",0,"none",124.707256114886,50.1995101596517,308.977888115301
"338","young","none",1.65023191733352,"any",608.073448289581,50.9397511272415,792.261390516874
"339","adult","none",0,"none",105.625936898708,197.746590701127,442.63756815535
"340","adult","none",0,"none",70.3542392913108,156.713046405756,361.531814178748
"341","young","none",0,"none",94.7506664629619,61.4287814629336,287.350496440036
"342","adult","none",5.38128926775019,"any",1778.59323375872,191.245472520939,2135.49275270778
"343","young","none",0,"none",157.541547070476,56.5092732480027,341.512868147764
"344","adult","none",4.20481990750789,"any",1336.66906295061,208.847719783132,1707.09475664263
"345","adult","none",3.24538836819144,"any",1070.4542783756,160.548139939342,1390.60724534685
"346","young","none",0,"none",60.8495499442895,60.9170553094981,260.972082856778
"347","adult","none",2.55345621485201,"any",816.496965276945,186.360599809396,1148.38403392637
"348","adult","none",4.58444129176245,"any",1513.69665230169,192.977000825026,1863.13746663494
"349","young","severe",0,"none",236.046182384679,74.2250925866024,445.475624120784
"350","young","none",0,"none",92.2212918241553,54.6321849519088,254.835812287006
"351","young","none",0,"none",121.60387869183,59.7485178727224,302.767369844613
"352","adult","none",0,"none",58.9040263064498,181.996695551824,358.71456040919
"353","adult","mild",2.99674384992032,"any",1773.12762649264,149.556770284723,2088.18351413595
"354","young","none",0.480344253567584,"any",283.938587314312,80.6232303778167,501.334453104931
"355","adult","mild",0,"none",113.490391290468,172.43730843381,418.593700033798
"356","adult","none",0,"none",106.553391536743,155.548053413643,387.063880226128
"357","old","none",9.12197235916252,"any",2845.78081837945,364.679557943723,3387.35535813462
"358","adult","none",0,"none",105.286805810789,176.079804314501,403.284262978018
"359","old","none",6.5448899029567,"any",2077.21883314903,356.706818366849,2612.3153762932
"360","young","mild",0,"none",3.45164991523352,69.8312605959434,186.981192093315
"361","adult","none",0,"none",88.4268913328004,205.186183569317,421.265454673876
"362","adult","none",0,"none",167.420080145019,190.557457302216,502.583919060962
"363","adult","none",4.0928197680282,"any",1365.78445404808,202.282235739097,1727.73182728307
"364","young","mild",0,"none",85.9736112155144,72.6704615417011,296.245843762208
"365","young","none",0,"none",67.7757123801983,63.8004587468938,266.904637402966
"366","young","none",0,"none",89.6580283303702,60.793917242559,283.298435795596
"367","young","none",0,"none",131.820914531623,51.9722009863505,327.85831287669
"368","adult","none",0,"none",84.4445510188705,147.137870632814,379.299166177269
"369","young","none",0,"none",90.1411006869475,52.1697524732736,255.82424893067
"370","old","mild",0,"none",133.186324879402,357.429193979687,651.141489833707
"371","old","none",0,"none",109.80650946872,419.570186118601,678.522748447149
"372","young","none",0,"none",85.2940414478434,54.5997040457209,266.125916148757
"373","old","none",10.2280760907348,"any",3190.26961162729,315.919541174602,3704.92592984287
"374","adult","severe",0,"none",39.0416234825734,203.823626956635,379.134686203092
"375","young","mild",1.16907459275209,"any",731.73587707888,43.3764440555788,906.354391168603
"376","old","mild",0,"none",150.369778303258,331.216675247656,616.35906479995
"377","young","none",0.809619041189433,"any",341.489903562119,57.5881986356651,521.591716041403
"378","young","none",0,"none",91.5091117848532,69.4539662122439,291.974198971034
"379","adult","none",0,"none",106.700684303553,170.749881965391,391.009297697087
"380","old","severe",7.76832506288533,"any",6272.64661374755,403.260020081336,6938.4802272346
"381","adult","none",0,"none",106.4045597223,182.944143438506,428.674994295571
"382","young","none",0,"none",92.0229980215383,55.6319527367868,275.448097328796
"383","young","none",0,"none",66.5754262140663,54.5637403948207,237.595154301958
"384","young","none",0,"none",62.9744606739461,64.9689697283541,274.441600969619
"385","young","none",0,"none",77.9689998336919,48.5729118402249,233.017359652961
"386","adult","none",2.82266985886244,"any",975.166831630981,155.032529412331,1284.67522681429
"387","young","none",0,"none",112.735234363478,54.174698478989,291.246222986422
"388","young","none",0,"none",121.83853511499,50.451038416538,300.979242568405
"389","adult","mild",0,"none",104.060133451398,205.090203012876,435.534414753956
"390","adult","mild",0,"none",113.782326061116,190.478446548774,425.728928229141
"391","young","none",0,"none",64.5662425801846,65.565683697273,235.295606481789
"392","adult","none",5.22810565736137,"any",1678.57018042391,159.005053177306,1987.87766317403
"393","young","none",0,"none",57.8802906284156,41.8200308751153,219.076871373433
"394","young","none",0,"none",98.0568080049061,41.3890441048577,254.196678304824
"395","adult","none",0,"none",113.076486136942,184.499717396047,436.325225821596
"396","adult","severe",0,"none",47.0457368652659,152.427911759059,325.574237631274
"397","old","none",0,"none",152.649827976682,363.479728144045,657.846655784162
"398","old","none",7.41262063300638,"any",2324.67157305096,337.547186181029,2842.78804969209
"399","adult","mild",0,"none",82.7634741905067,202.897067452596,416.70770526001
"400","adult","none",0,"none",87.2687099868056,190.959894450205,407.133826226691
"401","young","none",0,"none",91.6750190242097,72.384530174467,309.474523578098
"402","adult","none",0,"none",105.254387598415,160.067411149215,384.050589003677
"403","old","none",10.105496120094,"any",3166.79707954804,350.917125866519,3716.83760174892
"404","old","mild",8.24581266044857,"any",4651.52797756413,322.696996943948,5205.37115854425
"405","adult","none",0,"none",105.253643384133,203.96572331798,450.121947084784
"406","adult","mild",0,"none",140.62113080255,184.620630967729,466.019389374529
"407","old","none",0,"none",42.5708533811911,385.162320746476,571.043031722527
"408","young","none",0,"none",136.105216255308,68.8552965094001,347.284966968854
"409","old","mild",0,"none",90.8893455929387,334.923369892563,556.655614163254
"410","old","none",0,"none",101.185839953666,420.104469005764,668.295676551384
"411","old","mild",0,"none",187.066656364432,281.529515814552,604.510005962862
"412","young","none",0,"none",113.161901604529,52.3957863120948,280.790242392074
"413","old","none",8.68834875199296,"any",2737.09709802582,432.799276164539,3364.57278734183
"414","adult","none",0,"none",28.3463441843719,213.47249696096,388.246562690704
"415","old","none",0,"none",156.072376950485,397.872134111156,708.07852671543
"416","adult","severe",0,"none",20.7883084745171,167.456106091134,322.521623625849
"417","adult","none",2.74919318330411,"any",954.63444267851,197.907905380166,1286.93053471579
"418","adult","none",0,"none",160.22198169585,192.86320848552,489.86646291078
"419","old","none",0,"none",96.1124969539018,360.661472854659,595.839656245764
"420","old","mild",0,"none",73.5503923944012,328.791951555745,551.254740824419
"421","old","mild",0,"none",73.3019706344276,353.412549284843,569.888736525722
"422","adult","mild",0,"none",131.990755526336,154.231621334526,412.71255561017
"423","young","mild",0,"none",33.65632979943,69.2724300829486,218.519466467433
"424","adult","none",3.12723524900201,"any",991.547888797053,221.166128691175,1369.43011913622
"425","young","none",0,"none",65.8246263897684,60.816661434505,241.710336187275
"426","adult","none",4.68871780220775,"any",1455.33950482972,168.055659942045,1787.76155461071
"427","adult","mild",0,"none",83.0872893160369,177.947407026771,391.396302897109
"428","old","mild",0,"none",58.9504365969733,373.604632856052,579.070392601674
"429","adult","none",0,"none",147.348243812254,169.786551518479,440.808831651233
"430","young","none",0,"none",94.0720564977552,73.3803529655205,299.183317180258
"431","young","none",0,"none",87.710135247725,52.3568139478256,277.037227912157
"432","young","none",1.04466168505179,"any",397.614577949761,57.9250715814475,580.817844045609
"433","young","none",0,"none",95.7225417988931,62.163198911014,281.829226494077
"434","adult","none",0,"none",38.2388271165499,172.864648304476,323.056206042628
"435","adult","none",0,"none",84.8621530282917,221.826881281517,432.906362891918
"436","young","none",0,"none",77.0987005407531,52.0151692594502,250.875099953201
"437","young","none",0,"none",146.672133022816,59.5150249680251,338.391927505303
"438","old","mild",8.71379880190132,"any",4871.24528192645,361.688217713119,5472.02190381631
"439","young","none",0,"none",54.1244993716542,51.0519916201516,234.674696354743
"440","adult","none",0,"none",90.0267655315071,173.011975446066,385.100495542967
"441","adult","none",4.68345538629151,"any",1483.85809449615,143.420028969483,1789.65653176983
"442","old","none",0,"none",73.3267047702293,335.432927862141,560.788028127592
"443","young","none",0,"none",130.930052862664,51.7497158209254,299.048141666829
"444","young","mild",0,"none",51.6502401368672,59.3776815334988,249.576778753638
"445","young","none",0,"none",43.1695311875211,45.654858489598,226.223242240947
"446","young","none",0,"none",102.520977286459,55.7528604072139,274.741958137492
"447","adult","severe",4.44989162001989,"any",3655.46354058949,185.796378220673,4051.82505644167
"448","young","mild",0,"none",164.937007825205,46.4798422775474,315.632673062983
"449","young","none",0,"none",129.653111104467,40.3207514781707,304.941080017954
"450","young","none",0,"none",91.3548225066559,61.5569678819238,291.790277599939
"451","young","none",0,"none",110.312393361583,52.0809198026123,275.363079040404
"452","young","none",0,"none",110.246142794996,66.6001349029566,292.040397589987
"453","adult","none",0,"none",97.8546510328094,182.213738879931,421.760909792616
"454","old","none",0,"none",133.914816468514,356.492069212352,638.322007836729
"455","adult","mild",0,"none",140.100929602053,186.479549485723,479.093074329612
"456","young","none",1.63274327856284,"any",579.103351042595,61.6519392272059,773.752292470441
"457","young","none",0,"none",56.2732810151897,72.6458858140775,266.970923390854
"458","old","mild",5.14642732847644,"any",2964.23345811945,377.222896588911,3530.334411441
"459","adult","none",0,"none",114.345389442432,177.707173732643,426.504057704678
"460","adult","none",3.8531285387693,"any",1227.31759689326,188.139435225447,1555.94007890863
"461","adult","none",0,"none",74.7657969619737,184.2688250956,404.130788581982
"462","young","none",0.58928494976884,"any",285.092721688713,50.7092756795203,461.01581942178
"463","adult","none",1.81130734453895,"any",650.916987226178,132.817790658979,928.901917291026
"464","young","none",0,"none",68.1512264236883,61.0189581974944,263.56630607583
"465","adult","mild",0,"none",47.405432168779,207.710993468653,406.459034172785
"466","young","mild",0,"none",19.9057368094518,56.1257048959482,203.009024926683
"467","young","none",0,"none",100.181606368353,45.805362253014,269.690879733543
"468","young","none",0,"none",75.4191893786173,61.049769220056,250.301925896747
"469","adult","none",0,"none",94.3742775859747,173.016155463803,400.599943827058
"470","old","none",0,"none",145.394401274813,323.53876705955,609.977320117962
"471","young","none",0,"none",121.495331714655,66.0933247472621,323.536787842172
"472","adult","mild",4.90536257900651,"any",2859.77481467407,196.931086619866,3246.73228738476
"473","old","severe",0,"none",-32.2346943661402,341.510233741135,435.116795504349
"474","old","mild",6.78689153246574,"any",3862.43299260531,369.221723682294,4457.81873785466
"475","adult","none",0,"none",82.1356654431846,178.034750269527,392.251542797178
"476","young","none",1.94020178672507,"any",641.851586473587,81.3474556522644,848.545523939006
"477","adult","none",0,"none",119.38316125863,205.361495712857,451.378773995631
"478","adult","none",0,"none",99.0154747319067,183.108478142201,420.291310751615
"479","old","mild",0,"none",68.4066108649887,400.843105782096,609.695727607054
"480","old","mild",7.16748045719466,"any",4008.62105422728,339.389043978656,4577.25915575751
"481","adult","mild",0,"none",89.8069169203726,203.444617754309,436.624782336445
"482","adult","none",3.01019894529234,"any",982.160651997908,192.281538605889,1300.39739989833
"483","adult","none",0,"none",98.9262985400673,181.810132469345,422.973625609268
"484","adult","severe",0,"none",178.095159763714,203.578085414216,507.097144567867
"485","young","mild",0,"none",109.120636828873,54.2803804176282,279.56669632744
"486","adult","none",0,"none",94.4502213428653,157.018429589226,390.801537949592
"487","adult","none",3.87233141793342,"any",1233.77323346472,155.054075195562,1521.10633977902
"488","young","mild",0.280158843203062,"any",243.899988129574,57.8438798261257,442.723349879732
"489","adult","none",0,"none",67.5736266829364,187.214487481964,383.492029866799
"490","old","none",0,"none",59.9037079220692,356.469856535886,545.013336888514
"491","old","mild",0,"none",79.7815241592245,394.847607367694,629.250636615705
"492","young","mild",0.992080051943946,"any",658.105642114982,51.2019759941623,856.570577744739
"493","adult","none",0,"none",134.640391853779,160.402825310132,439.313867209281
"494","adult","none",0,"none",115.78199776395,186.949220808935,442.963501143753
"495","adult","none",0,"none",101.765547831036,190.662354958397,438.411884801799
"496","adult","none",0,"none",119.273839723486,180.947445060344,438.847660553509
"497","young","none",0,"none",149.724303971797,65.1813029436561,332.061729147008
"498","old","none",0,"none",109.173471680778,363.089722203939,619.010422183715
"499","adult","none",2.48336685619333,"any",884.478022781831,141.84502183396,1173.2308338088
"500","young","none",0,"none",117.830084557426,55.5473826148985,308.35994006186
"501","young","none",0,"none",91.8948048142354,57.1965861718097,265.389968120264
"502","adult","mild",0,"none",183.876386275688,158.632505438579,457.768992821201
"503","adult","none",0,"none",21.2180473578867,196.220474053811,330.295380228126
"504","young","none",0,"none",84.7329248887071,69.3831782338186,264.000594758537
"505","young","none",0,"none",38.6212214638789,55.4395235635701,222.365169069551
"506","young","none",0,"none",69.1906908832512,64.5927880802001,255.694316850434
"507","adult","none",0,"none",108.811295536432,175.304355383538,422.010972379655
"508","old","mild",0,"none",90.9571609215229,402.989837288972,639.242648167296
"509","young","mild",0,"none",75.3579673116698,52.2027132478572,236.60492336889
"510","young","none",0,"none",87.5679851400629,62.9739246541415,282.988271138409
"511","adult","mild",0,"none",167.044000778802,184.266040132252,461.030761678134
"512","adult","none",4.0219744710599,"any",1312.18706953727,162.034603485806,1633.61426969893
"513","young","none",0,"none",71.434443893435,49.8816931475725,241.30793737554
"514","young","none",0,"none",145.424558670805,59.6353366174613,332.910288871324
"515","young","none",0,"none",103.525907298464,37.7240677427433,270.428475505039
"516","adult","none",0,"none",91.8111256863315,202.687193854601,422.516183514122
"517","old","none",7.15792689714935,"any",2274.8057618317,335.121456246144,2786.15215868611
"518","old","mild",6.53488171657712,"any",3752.2043130526,376.559656131659,4350.00513897365
"519","young","none",0,"none",114.004560726965,63.9732251191268,303.613218670956
"520","young","none",0,"none",105.994141028814,61.4016186043248,292.427998911326
"521","adult","none",0,"none",91.0612528295561,177.650696372875,390.291812978385
"522","adult","none",0,"none",57.7756571029959,171.026288340345,337.157570001728
"523","adult","none",0,"none",101.313331341632,156.716666811797,393.834077944941
"524","adult","none",0,"none",85.2589195969579,192.043779044554,397.660815110996
"525","adult","none",0,"none",68.6781848739103,174.571331138892,379.445923134339
"526","adult","none",0,"none",76.8071429313609,217.049836943172,415.686393638125
"527","young","none",0,"none",37.7552567402328,65.7141328973061,213.277880001876
"528","old","none",0,"none",100.021115480727,317.898877335661,554.821283167725
"529","adult","severe",0,"none",223.772371306785,175.97417092136,547.653898693377
"530","young","none",0,"none",79.3678431860211,67.8441245243433,269.108966173184
"531","young","none",0,"none",128.564480301923,85.0321141413747,334.883704143837
"532","young","none",0,"none",83.9458251091854,68.3146086419785,283.829804549317
"533","adult","mild",3.51959037856483,"any",2099.88775785228,136.807620099043,2414.6601829362
"534","young","none",0,"none",52.9765374046239,65.6004130009754,243.406691148302
"535","adult","none",0,"none",84.5163919473859,191.840187361944,396.002199156718
"536","adult","none",3.7250307718776,"any",1221.4817641304,176.505128240669,1534.27017475961
"537","adult","none",4.074978754176,"any",1308.26480512619,135.902819274662,1587.9679828805
"538","young","none",0,"none",113.55959406688,47.5797352973308,291.491720079192
"539","young","mild",0,"none",105.006231750061,65.3152395533972,296.443673815267
"540","adult","none",5.00888426461804,"any",1621.58293596803,155.386835163337,1955.43472826237
"541","adult","none",0,"none",82.6904716981694,215.217303976917,425.080324508445
"542","young","mild",0,"none",99.4169439236533,66.7349625989369,300.635388520353
"543","old","none",6.7873208953779,"any",2115.22832350866,347.079675039233,2649.96034593373
"544","young","none",0,"none",139.987951558901,42.4781963970263,321.198771209427
"545","young","none",0,"none",75.8199776764181,66.9202873218916,250.492642903695
"546","old","none",8.2042027604917,"any",2553.59224979112,403.40412272812,3127.53140828771
"547","young","none",0,"none",162.18371552073,43.5525298844601,339.342438865927
"548","young","none",0,"none",86.9773898054325,50.9391967136397,262.621559570922
"549","young","none",0,"none",140.181404360863,45.095129951799,299.558825540327
"550","young","none",0,"none",83.524153283495,65.5093439910469,261.354646408007
"551","adult","none",0,"none",72.9342926540197,196.880331394436,409.084558192576
"552","young","none",0,"none",109.166470038212,62.2613494226239,317.774673091959
"553","old","none",0,"none",73.7676897631814,354.914075656872,568.342789444183
"554","young","mild",0,"none",137.800232891144,70.9911668020921,334.510323370417
"555","young","none",0,"none",77.0562099730323,58.1696946111243,263.633896016159
"556","young","none",0,"none",91.5170639801899,48.4639034097099,266.258308536583
"557","young","none",0,"none",77.9306279944305,61.9849516803532,267.194440833984
"558","young","none",0,"none",133.657252617553,70.7913703945786,340.084694402241
"559","old","mild",6.07560784061376,"any",3397.60109532222,394.409804184075,3990.74112270698
"560","adult","none",0,"none",73.1744169817893,216.689522278702,412.000127505069
"561","young","mild",0,"none",100.69396714711,47.1451503446499,285.725606635403
"562","adult","none",0,"none",53.0558515427545,179.67831764347,365.021629665409
"563","young","none",0,"none",112.158564078568,41.7260330591175,268.964106827554
"564","young","none",0,"none",131.204888931729,42.4177822810271,308.825418633825
"565","young","none",0,"none",97.2196509474476,50.7097412347596,288.814384243314
"566","old","mild",5.2527369859223,"any",2979.38104112539,334.68078926139,3505.36151918062
"567","young","none",0,"none",107.302172049364,49.5795702135939,294.068376037723
"568","old","mild",0,"none",36.3528629719181,288.760415108574,460.405377208266
"569","adult","none",0,"none",43.8676081153888,178.760139165781,376.163181124378
"570","adult","none",0,"none",86.5322018595054,198.874173041653,420.562216207033
"571","adult","none",0,"none",17.5610235280954,217.573986632334,366.798190932292
"572","young","mild",0,"none",97.1966750632163,65.2466592143973,277.211592826583
"573","old","mild",8.41790161971437,"any",4762.2264722207,358.838926727794,5366.51657094821
"574","adult","none",0,"none",114.194954298351,162.149366795223,405.062150471219
"575","young","none",0,"none",115.684858737037,68.5890165337805,308.326136883777
"576","adult","none",0,"none",104.214684801942,144.902459414074,368.661558817488
"577","adult","none",0,"none",138.284057849192,188.299160667829,449.426136034429
"578","adult","none",0,"none",132.910827507714,180.078068783114,442.692197068738
"579","young","none",0,"none",20.0515908242824,56.2012217284559,180.428669915115
"580","old","severe",6.60113104868601,"any",5330.05860398068,330.223863604018,5882.29169124418
"581","old","none",6.38669138516735,"any",2015.51367033609,360.718440542717,2540.89262997743
"582","young","none",0,"none",115.425269389965,65.7593990044534,302.820047258234
"583","old","severe",0,"none",169.935317775964,380.092421296957,691.771830139421
"584","adult","none",3.0506654409923,"any",1040.89489294652,179.252265526678,1366.91300200428
"585","old","none",0,"none",139.765539934603,355.623372508406,644.077557437805
"586","adult","none",0,"none",90.5641308297767,169.195255243165,373.219069362451
"587","young","none",0,"none",61.0795065034386,45.0267949669025,228.967657604206
"588","young","none",0,"none",131.020244091359,68.1504200548301,327.103071484623
"589","young","none",0,"none",103.584180980963,42.2551268950806,257.951286310928
"590","adult","none",0,"none",134.932350593897,186.88486393885,464.138331426295
"591","adult","none",0,"none",137.535386835197,196.277357108401,455.045751462701
"592","adult","severe",0,"none",338.935979248979,190.295412470152,659.248253035825
"593","adult","none",0,"none",32.9721698152788,202.593380569407,373.600176632225
"594","young","none",0,"none",115.371143291298,52.9596159742269,291.8093002796
"595","adult","none",0,"none",73.699588609585,190.256765377532,417.785910271884
"596","old","mild",0,"none",134.577421008345,412.727976864811,682.629715266756
"597","adult","none",3.4338188925685,"any",1137.3462551235,158.869059820232,1453.95576048445
"598","young","none",0,"none",77.8043834539372,58.2416201641579,250.833832538991
"599","adult","none",0,"none",120.159335111938,189.72930402633,456.525082080854
"600","old","none",4.3925756013376,"any",1447.55573523668,334.982938950608,1933.68496773781
"601","old","mild",0,"none",3.88409788916347,308.510770689591,449.182287239985
"602","adult","none",0,"none",86.2423690124235,180.485980701625,421.845241324729
"603","young","none",0,"none",49.6083822670798,73.7374475412367,239.131790755954
"604","adult","none",0,"none",110.624229238108,167.194890717787,408.48878759938
"605","young","none",0,"none",51.0946662736152,68.2777913685402,237.68674039046
"606","young","none",0,"none",101.36280012531,56.9816486964164,277.502768357148
"607","young","none",0,"none",75.1273765235864,48.7812669787466,256.380590358649
"608","adult","none",2.20620765891774,"any",762.095597265569,169.03389711361,1078.79930036244
"609","young","none",0,"none",76.957315228093,76.3874939156231,272.207843824584
"610","adult","none",0,"none",93.2057634450117,169.886673941762,391.72685647528
"611","adult","none",0,"none",121.821099466952,197.512490654624,456.514306129319
"612","young","none",0,"none",123.979047537774,40.2967144211637,288.889391127868
"613","adult","none",0,"none",88.9390133112824,189.11531288042,413.606660720997
"614","young","none",0,"none",87.0757188575087,67.8064056898586,278.845699042023
"615","adult","none",4.23039216325368,"any",1362.33249826531,174.414356797458,1692.19070549449
"616","young","none",0,"none",91.5499857986927,55.8914802772437,257.581398774889
"617","old","mild",0,"none",152.753782093749,353.476206388751,643.175072296905
"618","old","mild",0,"none",18.5061353658351,334.488891699575,488.261163427415
"619","adult","none",0,"none",104.397322118695,172.149888134784,390.584725018721
"620","adult","none",0,"none",137.998335933677,196.512807953155,454.567485011191
"621","adult","none",0,"none",91.4875880006898,189.68582875226,402.535019007025
"622","young","none",0,"none",139.120148363467,73.7837362880117,338.565617328633
"623","old","none",7.31071981031377,"any",2261.83440808392,289.405399069931,2743.32293578371
"624","adult","none",0,"none",92.9610405407237,202.261717120122,427.385125793626
"625","adult","none",0,"none",97.5975965421307,199.809383078434,435.433923084264
"626","adult","none",0,"none",48.8985445376464,184.729658505685,351.982768806707
"627","adult","none",0,"none",32.9028060347356,201.123903441158,375.961396105895
"628","young","none",0,"none",140.977904766943,65.6337204639304,328.634123066063
"629","adult","none",0,"none",91.8591087162228,189.212421729239,416.076720662998
"630","young","none",0,"none",24.1609336428513,83.431181216999,228.727849646657
"631","adult","mild",0,"none",149.095761742951,151.475983521237,422.591695207784
"632","young","none",0,"none",54.7784163706192,56.1150533661797,244.039506814638
"633","old","none",8.18819175019243,"any",2576.24746663427,311.230657259231,3062.79903881959
"634","old","mild",0,"none",132.142803532728,385.241405096889,645.287164597085
"635","adult","none",0,"none",94.1115225710196,155.290910797839,381.33650919929
"636","adult","none",0,"none",112.488966762424,186.336333578935,414.95145060971
"637","adult","severe",3.88212579483305,"any",3236.48227303632,176.098067588301,3603.429362691
"638","young","none",0,"none",96.8012666067491,75.0909371414207,290.658104194364
"639","young","none",0,"none",113.524650977285,65.9497935955431,307.716223876584
"640","adult","none",0,"none",82.7747966409284,154.198284489227,366.315735650936
"641","adult","none",0,"none",122.021617127659,205.11795019305,459.332993848672
"642","young","mild",0,"none",188.23119258322,67.2287376632369,400.39970934036
"643","young","mild",0,"none",114.546786731068,62.8644565759072,300.403521415399
"644","young","severe",0,"none",-14.7500877853856,63.3021275908158,175.538614085986
"645","adult","severe",0,"none",93.7474153853833,212.676548779699,437.699078634798
"646","young","none",0,"none",85.6921542334795,56.0485764640796,265.843563252234
"647","old","none",0,"none",83.9286004112485,277.539973677887,494.709325475497
"648","old","mild",0,"none",100.678923974405,366.417204325353,609.800934210554
"649","young","none",0,"none",108.826910953151,64.8869251625537,297.54018869866
"650","young","none",0,"none",44.9874071480036,46.1300844441412,205.936619696155
"651","adult","none",0,"none",132.27817202857,153.40737964659,429.296651069092
"652","old","none",8.46157512087806,"any",2659.65636751566,303.401478861012,3142.49708728455
"653","adult","none",0,"none",138.619448960663,156.558990552129,445.324728101771
"654","adult","none",0,"none",108.863412062386,207.248243281857,446.47752216957
"655","old","none",0,"none",93.6900589500027,384.022134082298,615.078661860367
"656","young","mild",0,"none",95.1691773090891,66.7293056454891,289.925954368124
"657","old","mild",7.26213610742872,"any",4063.95137997738,385.305103947585,4685.65047901303
"658","young","none",0,"none",103.264218367988,63.8780179370217,280.216014168988
"659","young","none",0,"none",99.2967274604931,76.051636599858,290.919205771879
"660","adult","none",0,"none",63.8261415507599,194.993776007015,376.541649529966
"661","young","none",0,"none",130.331936380689,43.4439790259373,286.65562189248
"662","adult","none",0,"none",94.6687496336766,203.177835172236,428.089005061401
"663","old","mild",0,"none",124.425317661386,368.022837915245,630.452377361187
"664","old","mild",7.81468982696512,"any",4361.99538805206,410.75815420462,5011.87890192936
"665","old","mild",0,"none",83.5040951652409,374.972951419096,597.254087470674
"666","adult","none",3.87505514422967,"any",1282.85580476578,201.362205657035,1642.39294408107
"667","old","mild",0,"none",79.8178124838892,319.822894678695,540.071498014434
"668","young","none",0,"none",90.8968351915314,40.8999289082733,264.908458731011
"669","old","mild",6.73711944530321,"any",3803.72981805885,388.037460503432,4413.62229996
"670","young","none",0,"none",81.1892298386616,80.767395005199,274.551451435522
"671","young","none",0,"none",123.307204792868,55.0956048849597,291.425027381131
"672","young","none",0,"none",110.330072572443,47.7927652236152,286.192801375489
"673","adult","none",0,"none",77.7837115555073,192.074641011885,381.906789533336
"674","adult","none",3.34329175826078,"any",1107.78368627449,189.36550023085,1437.93748782473
"675","young","none",0,"none",117.776862120749,48.9534992999176,282.260007649352
"676","old","mild",0,"none",223.000105163418,294.967309377139,653.989433657939
"677","adult","none",0,"none",25.8737189400129,179.953424087703,342.135588016073
"678","young","none",0,"none",145.601613297953,53.741509218407,337.621071605128
"679","adult","none",0,"none",104.472448503705,181.14823733128,412.524525432463
"680","adult","none",0,"none",177.385463332341,192.002045397812,497.552310105706
"681","old","mild",0,"none",198.139927008754,341.833507478015,684.312874635588
"682","young","mild",0,"none",64.6109613917241,60.0383700724189,245.171711608564
"683","adult","none",0,"none",96.6988098879731,167.7868597196,375.362741412791
"684","adult","mild",0,"none",106.119619357069,213.404983822594,466.879143720871
"685","young","none",0,"none",76.8101262047913,57.488933800702,255.750798431377
"686","adult","mild",0,"none",116.632692928501,175.289039569589,424.168590356582
"687","young","none",0,"none",154.069549997995,68.4805089994645,349.21751743065
"688","young","none",0,"none",130.537428384064,71.7503039466294,325.970588131897
"689","old","none",0,"none",151.439316129573,458.482782822601,774.145595824702
"690","adult","none",0,"none",136.070643826669,211.53598807021,487.520629731951
"691","young","none",0,"none",124.202347112717,54.854456759937,303.630776348779
"692","adult","none",0,"none",92.1154914135097,182.226537662532,397.786976822481
"693","young","none",0,"none",78.1430869044641,63.4176747935523,276.561681044349
"694","young","none",0,"none",109.296869343359,71.1611738620643,307.30508608991
"695","adult","none",0,"none",67.0671986992829,181.641795773303,384.376414808843
"696","young","mild",0,"none",105.765196835236,62.9090090660399,291.163463968426
"697","adult","none",0,"none",101.47311853417,210.350923598259,456.859270050281
"698","old","none",0,"none",102.270315181734,394.846486341854,652.082029586013
"699","young","none",0,"none",86.195531167872,71.29669380283,271.163996927863
"700","adult","mild",0,"none",76.0381906890901,172.74464625113,375.675541643807
"701","adult","none",0,"none",67.9578474779517,217.285782532917,421.861987659006
"702","young","none",0,"none",76.0443817053345,44.4235025749094,259.132197039782
"703","young","none",0,"none",103.373063873501,58.5276281300213,276.481560372163
"704","young","none",0,"none",134.005186971084,58.9538618119238,327.528623176078
"705","young","none",1.27228988156644,"any",478.110497257055,65.5188675724963,664.407960471175
"706","adult","none",2.93413951273123,"any",970.251491286278,193.288208082507,1305.50780879732
"707","old","mild",0,"none",11.9159142846283,347.160704793134,490.896349704455
"708","adult","none",4.8898411059222,"any",1559.06589677186,163.959758840644,1902.79729695272
"709","young","none",0,"none",77.9604693996665,52.1807309019221,257.498553377942
"710","young","none",0,"none",120.021383159273,60.9768715573385,304.485029039233
"711","old","none",0,"none",102.646175144803,384.522546961993,652.521133736537
"712","old","none",0,"none",167.605946047425,365.839947786588,663.582010124825
"713","young","none",0,"none",101.23678390932,56.4778305470648,269.282422113382
"714","old","none",5.5813058572231,"any",1788.33542123979,312.869561084747,2273.89803527288
"715","young","none",0,"none",66.7040101230767,32.1357577821538,212.450785372747
"716","young","mild",0,"none",90.9526976080433,48.3888955929811,258.88471556033
"717","adult","none",4.83926550334268,"any",1547.24828654181,166.045728625411,1872.68214364824
"718","adult","none",0,"none",72.8781649186308,193.95165937869,389.914809693877
"719","adult","none",0,"none",88.5017360166575,201.572295614684,417.135024885316
"720","adult","mild",0,"none",146.440405108132,228.56605320945,503.154487893047
"721","adult","none",0,"none",114.726220625437,207.116897015779,448.111523965451
"722","young","none",0,"none",143.549180012137,62.7023880584526,332.850339358819
"723","young","none",0,"none",73.5180754302432,68.6348890031936,283.946409118787
"724","adult","none",0,"none",150.974703548742,204.662402044814,500.67808151283
"725","adult","mild",0,"none",-22.9661030823596,174.498921797203,285.922866086609
"726","old","none",6.78458235807543,"any",2136.22566321118,282.516774812484,2604.41574040722
"727","adult","none",0,"none",47.4967309072882,178.642096341297,351.353408028404
"728","old","none",0,"none",54.8306038927292,355.276551271873,530.995120650168
"729","adult","none",0,"none",57.3776460535213,171.637909152437,358.089033087358
"730","adult","none",0,"none",81.0161888262016,183.421359973181,390.163394431765
"731","young","none",0,"none",63.9083925996849,62.0836335896227,236.892348542078
"732","young","none",0,"none",44.2364527423266,57.2688594732279,250.730246395456
"733","old","none",0,"none",104.981003953763,307.666510522847,552.080801403147
"734","old","mild",0,"none",143.276611179252,359.000859897147,641.346925470236
"735","adult","severe",0,"none",-37.7029489466502,161.397567976441,254.969244070657
"736","young","none",0,"none",115.425976888829,75.9253036888514,317.107297910435
"737","young","none",0,"none",94.2896479936589,44.9367016172797,279.709965655718
"738","young","none",0,"none",126.897249202205,56.6639859224137,310.174395633036
"739","adult","severe",0,"none",110.237542637796,167.750092313575,404.976982146155
"740","adult","mild",0,"none",140.488724849482,182.553798211002,462.784918623266
"741","adult","none",0,"none",104.330902807254,186.465643812818,413.707771816272
"742","old","none",0,"none",95.2575490381634,332.127422754339,559.09486585329
"743","old","mild",0,"none",69.3446485659319,329.65856344722,552.317352817673
"744","old","none",0,"none",77.1920363393099,367.424848999094,604.011385932222
"745","old","none",0,"none",111.530575379909,383.729701140991,645.701643318212
"746","young","mild",0,"none",126.613850594583,55.0155901213774,299.851466840108
"747","young","none",0,"none",91.190555096485,84.3167746189259,294.417748513155
"748","adult","none",0,"none",131.564128956184,209.174932725191,489.736748616146
"749","young","mild",0,"none",119.891022024359,39.8472632578979,274.678816634383
"750","adult","none",3.4156455650216,"any",1128.23165053385,139.034857335852,1425.44559030807
"751","old","none",7.4487254194027,"any",2403.12100409887,334.833118552832,2943.76614921833
"752","young","mild",0,"none",167.897944134696,55.8385077535012,367.834717981985
"753","old","mild",6.66053330291724,"any",3816.46407185957,332.105228813359,4343.74091477922
"754","adult","none",4.34940954674466,"any",1504.88109983802,147.665577979955,1792.24016028812
"755","adult","none",0,"none",87.9521986894694,164.57405655816,378.474761871177
"756","adult","none",0,"none",124.354724731961,202.540015572618,448.57839210336
"757","adult","mild",0,"none",90.4751586468506,145.267679851537,371.491174407121
"758","young","none",0,"none",90.0332471777973,69.3490493469077,294.398342900228
"759","young","none",0,"none",110.697303647899,58.8168811686309,303.307981213813
"760","old","none",0,"none",83.5802635935984,315.495437760004,529.183759610514
"761","adult","none",0,"none",83.9096502904604,166.447436489822,389.145205550669
"762","adult","mild",0,"none",139.415088327008,199.417125297439,462.261761064591
"763","young","none",0,"none",149.004361811089,66.7712627808639,340.290671354364
"764","young","none",0,"none",120.63675639251,58.5247531816868,320.31291592125
"765","young","none",0,"none",149.348604397783,49.6705978877007,318.679853230532
"766","young","none",0,"none",115.583291760866,68.4189415910422,302.284879830754
"767","young","none",0,"none",76.7452901964949,69.1422681761062,287.006151790793
"768","young","none",0,"none",74.8332201560018,79.7865821095181,262.627823995894
"769","adult","none",0,"none",144.67077094901,165.757075548371,441.185059736711
"770","adult","mild",0,"none",146.84951335556,154.631576323629,433.370454242265
"771","adult","none",3.45323440958448,"any",1163.84206612442,201.242010497406,1524.2987107922
"772","young","none",1.01764965766435,"any",409.886572227595,46.6798139229063,595.820684942024
"773","young","mild",0,"none",23.4443415049187,59.371526962147,201.147204044832
"774","adult","none",3.78270354449361,"any",1195.80447378797,179.182432327854,1524.43389696298
"775","young","mild",0,"none",133.522115103922,51.741235328154,310.1722452387
"776","old","none",7.2735417453704,"any",2286.83834950017,414.111551813546,2877.48128997859
"777","old","mild",0,"none",82.9214002293773,372.667166248122,595.699597954806
"778","adult","none",0,"none",63.6004970340733,160.875399067329,365.233607250379
"779","adult","none",0,"none",125.190532602846,172.100295984322,415.625568566895
"780","young","none",0,"none",98.9741993581226,67.3072498242986,279.2306546712
"781","young","none",0,"none",131.568484726262,51.0431938839229,300.964289845406
"782","young","none",0,"none",138.813432411804,66.6479208646825,328.340573647586
"783","old","mild",0,"none",12.7208674953002,318.305869806702,477.83929201155
"784","adult","none",0,"none",128.124032883934,187.999521323701,442.252061738913
"785","adult","none",0,"none",116.689280812034,177.804950588894,428.398387217061
"786","young","none",0,"none",77.738273327671,66.9488399307781,264.989199631745
"787","young","none",0,"none",92.9765051357596,60.5684171616273,285.756510017284
"788","young","none",0,"none",89.5227798288673,75.1590590576269,304.913530290021
"789","adult","none",1.93705706124525,"any",675.080709919791,173.75514634072,995.474200745668
"790","young","mild",0,"none",151.587973044477,51.9443796872212,325.121756704011
"791","old","mild",5.80093344681208,"any",3436.87318410663,362.535813595889,4008.15935062485
"792","adult","none",0,"none",75.1203512916363,163.133493488399,373.453547260639
"793","adult","none",0,"none",79.069256856731,195.82773124913,394.163506322581
"794","old","mild",0,"none",135.615674544546,399.7799782426,675.127852049684
"795","old","none",5.16116168627079,"any",1591.55746743974,291.083096242857,2058.84355316632
"796","old","none",0,"none",78.3844624703954,349.978389285501,579.839288704825
"797","old","none",0,"none",117.81899548137,347.697873154376,600.927885496663
"798","young","none",0,"none",108.757490911265,54.2585052227994,288.277752713402
"799","adult","none",0,"none",143.050680345125,168.880442560927,445.480661211648
"800","adult","none",0,"none",132.108686495252,171.284502402892,421.552404862105
"801","adult","none",0,"none",114.34661473298,188.677110188677,413.135404756768
"802","young","severe",0,"none",137.888275724344,64.0860552119295,322.456696099865
"803","young","none",0,"none",110.434643331885,53.5545411747493,285.274024312948
"804","old","mild",10.1886489052771,"any",5706.36604845523,429.040658855053,6391.87752062738
"805","adult","none",0,"none",97.1858926570629,156.581014659224,370.664481993098
"806","old","mild",0,"none",104.079626828683,368.924070519587,599.988167359699
"807","adult","none",0,"none",31.7054726898166,170.540664069725,345.955754352474
"808","adult","mild",0,"none",158.693587031303,227.457652613531,519.501338600094
"809","adult","none",4.46093323888779,"any",1405.4683383703,169.01584268996,1724.41382442129
"810","adult","none",0,"none",97.6108170344857,191.896001991286,419.257450870251
"811","adult","mild",0,"none",35.2060124310748,168.193097858846,328.455937947295
"812","young","none",0,"none",124.596194310869,54.1275591572162,297.074183128213
"813","old","none",6.52235503785659,"any",2068.90249708912,317.237060368118,2570.29010545363
"814","adult","none",0,"none",106.708987819172,211.977763708578,461.936273660224
"815","adult","none",0,"none",78.0383372012567,182.317351154496,397.246763794462
"816","young","mild",1.04160172113344,"any",726.546789554166,72.9815870187651,937.660150257217
"817","adult","severe",3.45316716535662,"any",2956.60928890338,174.85654969813,3332.20210257764
"818","old","mild",0,"none",142.587429797827,403.286499257946,690.13275201188
"819","old","none",5.81925924580783,"any",1889.03665822572,372.53382159148,2438.70162073573
"820","young","none",0,"none",88.9490917176007,56.5178089173495,296.157605270886
"821","young","none",0,"none",94.3629927577689,46.9647913441048,253.020530664484
"822","adult","none",4.24811548223088,"any",1418.72309050566,183.200875683227,1756.04075252041
"823","old","none",0,"none",147.110279844834,362.715458227794,651.515236990223
"824","adult","none",0,"none",117.16029445325,187.332793759052,448.543124465707
"825","adult","mild",0,"none",105.506084836696,164.344831993889,393.996584578703
"826","young","none",0,"none",94.5242916565437,43.3353378772694,273.199550949771
"827","young","none",0,"none",162.616670249611,40.0926948141441,330.609671102809
"828","adult","mild",0,"none",42.2109284132281,157.847519369475,328.433312753665
"829","young","none",0,"none",88.9116479078105,56.3951548656296,254.376346008884
"830","adult","none",0,"none",92.8344712125629,156.572264334432,366.772907401071
"831","old","mild",0,"none",59.7484610203454,303.276963627786,505.581079278214
"832","old","mild",10.3805003225192,"any",5785.43477275998,361.050808975165,6404.8634706441
"833","young","none",0,"none",48.4375166069388,59.9719032751116,231.284144812835
"834","old","mild",0,"none",74.0856880251986,430.151011320184,638.732027953512
"835","old","mild",5.55417584179589,"any",3215.3934919444,414.759588670886,3826.60344839949
"836","young","severe",0.859794223515547,"any",951.106022815851,61.0802624665457,1154.28465652814
"837","old","none",0,"none",117.570533499902,390.602594510623,651.496712313724
"838","young","none",0,"none",54.3852298074155,40.1716451612705,233.040151246214
"839","adult","mild",0,"none",121.837205692975,180.222630438828,448.67185609632
"840","young","none",0,"none",151.411526869205,55.1346321557501,335.337528220836
"841","adult","none",0,"none",163.251553491423,227.365875844884,513.32379575908
"842","old","none",0,"none",119.556141387357,397.259639433764,663.922106436396
"843","old","none",0,"none",72.5780987000865,330.056834781554,552.983960991577
"844","adult","none",0,"none",91.4388586684606,172.989210393273,390.917326750461
"845","adult","none",0,"none",91.2916405268084,202.286929388297,437.132829269656
"846","adult","none",4.93181520639912,"any",1581.11673776481,180.723813689373,1924.23684787139
"847","young","none",0,"none",96.4647819205499,65.0801585309416,295.808028195912
"848","adult","none",0,"none",65.085312454592,187.631321962226,370.633579669612
"849","young","none",0,"none",50.3890635408915,50.1435996400357,226.015509351091
"850","adult","mild",0,"none",191.959196143164,185.465865482026,498.075277743958
"851","adult","none",0,"none",125.04925061265,117.066367167823,379.261881766637
"852","old","mild",7.46997341604219,"any",4187.84414594596,412.400763127534,4818.20781001979
"853","adult","none",3.75273406486797,"any",1224.27014903601,165.779368687025,1536.23295767074
"854","adult","none",0,"none",64.5505837045591,152.693705573967,328.783216811156
"855","adult","none",0,"none",119.687126015005,145.43194790661,391.126804401866
"856","adult","none",0,"none",83.4493387591708,177.859642767212,390.168486415463
"857","old","none",6.66413938746448,"any",2075.98922477062,330.951017767513,2588.02309846378
"858","young","none",0,"none",93.9400732377853,57.883109962769,295.486125108958
"859","old","mild",0,"none",132.598093835009,307.883140514316,574.966663769109
"860","adult","none",0,"none",73.9179967421265,168.113392678014,364.098444214672
"861","old","none",5.44590238980539,"any",1754.17801325098,336.853214666052,2258.32401454688
"862","young","none",0,"none",130.683862916621,53.9657326598369,315.911360410566
"863","old","mild",6.12891008212417,"any",3449.86398695659,317.145976234188,3991.28755602132
"864","adult","none",0,"none",117.565686431112,187.851267763785,428.6441771036
"865","old","severe",4.83947833938002,"any",3918.87669323632,346.545398410008,4472.48242731783
"866","young","none",0,"none",60.1876014129054,66.8358476570057,250.802995778401
"867","adult","none",3.7432784984557,"any",1239.76336558261,183.484083653837,1587.07118887756
"868","young","none",0,"none",81.0049330651556,56.078912089552,273.473405016003
"869","young","mild",0,"none",94.5698792137794,66.458560949317,302.794172092864
"870","old","mild",0,"none",49.930460985302,323.597476209255,505.499082338773
"871","adult","none",4.03515319273816,"any",1348.92572787396,174.423072534587,1689.03025619165
"872","adult","none",0,"none",85.6977576330112,157.236796136832,353.579252360246
"873","old","none",0,"none",98.0182543668389,336.906610545697,555.105244400271
"874","young","none",0,"none",114.45570675277,62.7352929790827,316.541751327673
"875","adult","none",0,"none",99.53381516031,196.357062010367,439.51059793652
"876","adult","none",0,"none",55.9747501926296,175.651494155811,383.286571049062
"877","old","none",10.8875790230213,"any",3391.7294688062,345.361893115521,3928.80370963736
"878","old","mild",0,"none",84.9070243610549,414.697420173276,645.261783366076
"879","adult","none",3.34647086581379,"any",1129.97423678201,158.902943365683,1426.70693840848
"880","young","none",0,"none",41.6327110109052,58.6341132390593,223.639441575688
"881","adult","none",3.50553848360616,"any",1084.04165030249,205.945270412881,1421.92827259174
"882","adult","none",0,"none",86.1417312810082,171.203109267323,396.8625408233
"883","young","none",1.34070351078996,"any",499.862011663996,82.886291676646,719.008168045503
"884","young","none",0,"none",130.542609264267,61.9995130416313,319.557540970497
"885","adult","mild",5.55973094341471,"any",3161.55181721865,203.431271778693,3556.28068733225
"886","young","none",0,"none",90.3052347657354,52.6861269258196,257.283001574589
"887","adult","mild",0,"none",136.385229242986,195.56009596668,462.528582724426
"888","adult","none",0,"none",123.213548582817,182.127327724874,454.79240522317
"889","adult","none",0,"none",69.696330175932,181.351811288199,384.055532055064
"890","old","none",9.73020923945915,"any",3037.10532443708,384.682689194751,3618.59854782853
"891","young","none",0,"none",123.889267950094,65.4030348341628,303.459492012969
"892","adult","mild",0,"none",108.205798333839,179.833506800677,410.35677082846
"893","young","none",0,"none",92.969935286499,67.0940022458576,271.566225215144
"894","adult","none",0,"none",140.759647983563,193.26261126589,468.50262762848
"895","young","none",0,"none",68.6470575632355,71.0159917275319,258.697070540162
"896","adult","none",0,"none",99.3703355876319,155.639326264381,381.682178489493
"897","adult","none",0,"none",70.7544489669645,190.680484746554,388.952244015861
"898","adult","none",0,"none",89.638150113618,162.095449805773,392.618644169702
"899","adult","none",0,"none",98.8815277185264,200.643423179276,446.45841689061
"900","adult","mild",0,"none",84.7987670306072,157.955347072639,380.006746141977
"901","young","none",0,"none",39.9643302337785,54.9945680636823,212.67550780825
"902","adult","none",5.02349100753027,"any",1622.65969914359,191.043766346324,1958.80500283936
"903","young","none",0,"none",82.9152250999052,57.4424340103851,276.455470215113
"904","adult","none",0,"none",61.7779317018364,170.973544792471,382.335296280087
"905","adult","severe",0,"none",35.2850701239054,221.733925271297,389.545272256827
"906","young","none",0,"none",94.1739653229566,53.798663970756,276.863908698832
"907","adult","none",0,"none",105.96253886136,181.11758561246,431.985516858077
"908","old","mild",0,"none",74.2123989100385,372.716680729492,592.637271487849
"909","young","none",1.36190320911458,"any",497.465977096244,55.1951432104412,678.621453540138
"910","adult","none",0,"none",52.0016516660844,163.834716340979,351.881173132741
"911","young","none",1.23147971572012,"any",451.463555552949,63.3834498043513,641.857225667684
"912","young","mild",0,"none",83.236481439259,68.419753857074,277.175675403551
"913","adult","none",0,"none",119.15693207659,202.493337539482,459.770130780034
"914","young","none",0,"none",129.060213717018,43.8701839132908,303.826669667979
"915","adult","none",0,"none",64.9047968424279,183.184807667618,388.003136760034
"916","adult","none",0,"none",166.599248263166,165.422749477144,476.932418249052
"917","young","none",0,"none",77.1790082642178,58.4467718508332,259.07872891453
"918","old","mild",0,"none",153.713813371628,347.061555024352,635.03594558621
"919","adult","none",3.15049274424689,"any",1032.44809539692,206.074408310203,1380.69181222832
"920","adult","none",0,"none",52.5230363038786,192.272184382801,356.529065255632
"921","adult","none",0,"none",87.7842716739951,181.26338393199,381.204828709823
"922","adult","mild",0,"none",-19.7006629446188,171.9934489228,286.871803702462
"923","old","mild",0,"none",176.61257596079,414.186331226218,734.680814539773
"924","adult","none",0,"none",134.822803537095,204.899479659733,467.858507468734
"925","old","none",0,"none",125.645133766614,380.437954755043,650.260195799599
"926","old","mild",0,"none",105.699722826413,303.989248579783,567.521821049837
"927","adult","none",0,"none",128.631408021169,165.517301818268,422.417412780357
"928","young","none",0,"none",56.7390361240587,65.8375697802457,249.99975219384
"929","adult","none",0,"none",95.0596760048566,164.578340246689,389.12347978063
"930","adult","none",0,"none",104.102346883462,133.50126867697,381.004516174515
"931","young","none",0,"none",149.605483932587,72.9362796885911,346.300906301138
"932","adult","none",2.73068942751318,"any",951.94988566092,182.87093017354,1260.18305185952
"933","young","mild",0,"none",167.047974604675,66.621347514301,366.668422641912
"934","adult","mild",0,"none",97.9469672280866,175.141229731043,390.400039038487
"935","adult","mild",0,"none",2.00580451518334,166.343019332589,312.187982250872
"936","old","mild",8.09739212555974,"any",4548.63538739736,277.541277467447,5052.96012519866
"937","adult","none",0,"none",128.593273371225,164.581388811945,415.533249345133
"938","adult","none",0,"none",64.9808230342589,208.422753590209,404.578261384859
"939","adult","none",0,"none",138.607926447888,142.666974496828,414.295756362725
"940","adult","mild",3.88315639816274,"any",2262.88921977139,212.877035477678,2634.7929975881
"941","young","none",1.57277962974488,"any",560.33587365106,54.7247976453715,749.680023674917
"942","adult","mild",3.076806838124,"any",1792.04827510017,191.681431374093,2158.78171914167
"943","adult","none",0,"none",70.7503942584695,191.205965807399,391.382664990194
"944","adult","none",0,"none",91.2475805978422,185.82465452605,412.689828296649
"945","adult","none",0,"none",118.093360723971,170.939371804306,418.299245756229
"946","old","mild",0,"none",139.689760440235,401.211965396878,678.701236031324
"947","old","mild",0,"none",98.9755665163848,318.599962644871,550.661194644992
"948","adult","none",5.19905846892638,"any",1678.81192253036,187.969273085842,2018.05784168396
"949","old","severe",5.84457780431928,"any",4794.48627590758,388.547702790262,5425.56779329097
"950","old","mild",8.39515999748168,"any",4785.24211179846,337.954704854478,5376.30623099291
"951","adult","mild",0,"none",94.6139926698651,172.593126100694,407.059245219593
"952","adult","mild",4.17853832084278,"any",2407.42841503061,176.9120098396,2761.03543282586
"953","adult","none",2.8477819159681,"any",933.964064713412,206.514899862091,1290.15485715844
"954","adult","none",5.63695609070843,"any",1768.39908153616,181.829261247255,2121.69681001349
"955","young","none",0,"none",78.4959763989163,74.2740237542608,273.696269127917
"956","adult","none",0,"none",86.3168758163767,161.444393679447,378.393661061853
"957","adult","none",4.59007612789217,"any",1552.7731852556,188.940739387628,1897.25177614519
"958","adult","none",0,"none",85.7810936407222,187.843060823416,405.466529202642
"959","adult","none",2.16224553154952,"any",701.251410514905,194.439512440452,1037.32998321453
"960","adult","none",0,"none",96.2821805658254,176.353490499751,402.800667720354
"961","adult","mild",0,"none",138.204829000025,164.539181024274,446.502197648658
"962","adult","none",0,"none",144.54021038996,179.527501000576,444.50657629097
"963","adult","mild",0,"none",80.1726322282994,182.969927019016,395.949229634773
"964","old","none",4.94782917905427,"any",1557.84575842299,337.633269075835,2046.70811967448
"965","young","none",1.72606675317957,"any",581.795794630074,62.5566951809365,764.008348511166
"966","adult","none",5.46623288942021,"any",1698.52960258032,157.328269835148,2015.89473262141
"967","young","mild",0,"none",144.176936770928,47.5607379785281,322.196721801201
"968","old","mild",6.90124777258254,"any",3952.87451502402,375.639037478505,4554.3533431159
"969","young","none",0,"none",32.2821616855943,66.8886378548276,212.687846383596
"970","adult","none",4.69649170140267,"any",1491.11699414971,203.544186040467,1838.72699502929
"971","adult","none",0,"none",97.4496513114299,191.901301407018,420.527958687004
"972","adult","none",0,"none",75.5446150119681,176.090961057745,379.456620855046
"973","adult","none",0,"none",93.8779520394507,162.923197247164,379.092438461324
"974","young","mild",0,"none",75.5607740493294,60.312908285127,247.842861466866
"975","old","none",0,"none",43.8368261920393,340.115610153378,520.309187502065
"976","young","none",0,"none",83.6858819792491,47.6089178362804,262.614305831748
"977","young","none",0,"none",56.9603772149448,55.6587568630352,236.746078818336
"978","young","none",0,"none",64.1919527996216,55.2731635230167,249.420865297435
"979","adult","mild",4.30189292418208,"any",2346.80440613605,181.092390992878,2707.91211067518
"980","young","none",0,"none",114.959937159579,62.3534068273623,301.507786385767
"981","old","mild",8.06356583159155,"any",4539.81195785845,349.356345008149,5128.58171491354
"982","adult","mild",5.60943208304692,"any",3158.50044149209,161.167698667956,3508.12205343049
"983","old","none",0,"none",126.420465641133,283.43024963193,562.891467757073
"984","adult","none",0,"none",57.3311016473901,168.283769216807,358.563980169311
"985","young","none",0,"none",30.6144880555764,72.7270852157581,230.991907010725
"986","adult","severe",4.66481906762454,"any",3667.87657727898,159.713194806878,4021.17274931518
"987","adult","none",0,"none",85.9202615243726,163.170849677851,366.286039812808
"988","young","none",0,"none",67.8396098051568,79.4668067124204,263.42171415518
"989","adult","none",4.12273403661373,"any",1310.8802394727,194.812980331185,1661.99196896237
"990","young","none",0,"none",113.2530498234,52.038524855509,294.189225688493
"991","adult","none",0,"none",144.314806233609,195.9668734537,477.459181321548
"992","young","none",0,"none",102.77358926854,69.1114591225688,304.235417602491
"993","young","none",0,"none",87.6448482818657,62.5996335263312,279.821420580563
"994","young","none",0,"none",103.883887446086,52.8947479694091,274.87951325059
"995","old","none",9.37237904436304,"any",2912.97076718177,341.886634607741,3452.19274350113
"996","adult","none",0,"none",109.826048634236,180.967459887625,418.958016157388
"997","young","none",1.66108693979324,"any",582.459437011335,45.0264802528443,762.099964922728
"998","young","none",0,"none",66.9591727832091,87.4969173048137,278.173792042797
"999","old","none",5.66394491211564,"any",1812.52690845512,316.426283300476,2291.28292937302
"1000","young","none",0,"none",133.107425833029,51.0592222894798,322.694311886774
