74.44_24.72,77.64_26.72,76.84_26.72,76.04_26.72,75.24_26.72,77.64_28.72,76.84_28.72,76.04_28.72,76.84_30.72,76.84_32.72,dates
-0.8731575608253479,-0.8726392984390259,-0.8794806599617004,-0.9018659591674804,-0.8936450481414795,-0.8869449496269226,-0.9082123637199402,-0.9088920354843141,-0.8655326962471008,-0.8571264743804932,2002-01-01
-0.8731575608253479,-0.8726392984390259,-0.8794806599617004,-0.9018659591674804,-0.8936450481414795,-0.8869449496269226,-0.9082123637199402,-0.9088920354843141,-0.8655326962471008,-0.8571264743804932,2002-01-02
-0.8857424259185791,-0.891229510307312,-0.9091999530792236,-0.9192060828208924,-0.910055696964264,-0.8946163058280945,-0.9212217330932616,-0.924535036087036,-0.8768075108528137,-0.8817238807678223,2002-01-03
-0.8839597105979919,-0.8895406126976013,-0.9078320860862732,-0.9333034753799438,-0.9217247962951659,-0.8895254731178284,-0.9284058809280396,-0.9331213235855104,-0.8965317606925964,-0.8937684893608093,2002-01-04
-0.8645420670509338,-0.8777251839637756,-0.8896488547325134,-0.8953134417533875,-0.897191047668457,-0.8778250217437744,-0.9064094424247742,-0.9040746092796326,-0.8823980689048767,-0.8698400855064392,2002-01-05
-0.8704081177711487,-0.8674801588058472,-0.8715600967407227,-0.9000949263572693,-0.9000568389892578,-0.871890664100647,-0.9016090035438538,-0.9027429819107056,-0.8822230100631714,-0.8708707690238953,2002-01-06
-0.8536920547485352,-0.8666042685508728,-0.8713088631629944,-0.8727347850799559,-0.8762803077697754,-0.8665717840194702,-0.8879114985466003,-0.876171350479126,-0.8533231616020203,-0.8442721962928772,2002-01-07
-0.8282278776168823,-0.8577946424484253,-0.8737884163856506,-0.8644852638244629,-0.8506975173950195,-0.8537003993988037,-0.8724429607391357,-0.8641386032104492,-0.8143489360809326,-0.8112645745277405,2002-01-08
-0.8168280720710754,-0.8619601130485535,-0.8751809000968933,-0.8634046316146851,-0.8536832332611084,-0.872198760509491,-0.8731643557548523,-0.8717162013053894,-0.7978585362434387,-0.799993634223938,2002-01-09
-0.8388381004333496,-0.8736368417739868,-0.8836585879325867,-0.8791475892066956,-0.8765531778335571,-0.8913130760192871,-0.8969826102256775,-0.8817570805549622,-0.8159923553466797,-0.8269588351249695,2002-01-10
-0.8505452275276184,-0.8653444051742554,-0.8745342493057251,-0.8893361687660217,-0.8888258337974548,-0.8807339668273926,-0.9028082489967346,-0.8884638547897339,-0.8408370614051819,-0.8625149726867676,2002-01-11
-0.8608450293540955,-0.8801353573799133,-0.8816273808479309,-0.9213680624961852,-0.9071524739265442,-0.8858295679092407,-0.9336172342300416,-0.9228201508522034,-0.8808355927467346,-0.8868227601051331,2002-01-12
-0.863639235496521,-0.8655827641487122,-0.8754271864891052,-0.914484977722168,-0.9118908643722534,-0.8618661761283875,-0.9140302538871764,-0.921383261680603,-0.879360020160675,-0.8786952495574951,2002-01-13
-0.8592982888221741,-0.8608914017677307,-0.8830812573432922,-0.9071571230888368,-0.9082523584365844,-0.8629305362701416,-0.9109943509101868,-0.8947094678878784,-0.8799582719802856,-0.8799592852592468,2002-01-14
-0.8653090000152588,-0.8545174598693848,-0.86113041639328,-0.8976917862892151,-0.9092549085617064,-0.8522930741310121,-0.8890921473503113,-0.8941956162452698,-0.8727365732192993,-0.8819841742515564,2002-01-15
-0.8342846035957336,-0.8566408753395081,-0.8652470111846924,-0.8659242987632751,-0.8706818222999573,-0.858677864074707,-0.8892926573753357,-0.8625581860542297,-0.8502202033996582,-0.8551686406135559,2002-01-16
-0.8126327395439148,-0.8664937019348145,-0.8744480609893799,-0.8703731894493103,-0.8468896746635437,-0.8701931238174438,-0.8902609348297119,-0.8576712012290955,-0.8340539336204529,-0.8382849693298341,2002-01-17
-0.8034221529960632,-0.8690236210823059,-0.8640543818473816,-0.8580368161201477,-0.844460129737854,-0.8722844123840332,-0.8779020905494691,-0.8661390542984009,-0.8236485719680786,-0.8339639902114868,2002-01-18
-0.7957993745803833,-0.8744378089904785,-0.8701870441436768,-0.8512367606163025,-0.8447242379188538,-0.8819416165351868,-0.8860893249511719,-0.8545894622802734,-0.8306172490119934,-0.8411768674850464,2002-01-19
-0.7964257001876831,-0.8600319027900696,-0.8536133766174316,-0.8483058214187622,-0.8453007936477661,-0.8636106848716736,-0.8691129088401794,-0.8436723351478577,-0.8316709995269775,-0.8448445796966553,2002-01-20
-0.803715169429779,-0.8473672270774841,-0.8493072986602783,-0.8509868383407593,-0.8500116467475891,-0.8522548675537109,-0.8727898597717285,-0.8532726168632507,-0.8473679423332214,-0.8552957773208618,2002-01-21
-0.8378425836563109,-0.8544850945472717,-0.8545993566513062,-0.8706635236740112,-0.8843725919723511,-0.8636231422424316,-0.8837319016456604,-0.8868696689605713,-0.8843834400177002,-0.8872420787811279,2002-01-22
-0.8791494965553284,-0.8395360112190247,-0.8653894662857056,-0.9198990464210509,-0.9159977436065674,-0.8451530337333679,-0.8994320631027222,-0.9086685776710509,-0.9204033017158508,-0.9027265906333924,2002-01-23
-0.9017192721366882,-0.83469158411026,-0.8463779091835022,-0.8942077755928041,-0.9296071529388428,-0.8376173973083496,-0.8714542388916016,-0.9071797132492064,-0.9151564240455629,-0.9054483771324158,2002-01-24
-0.8766024112701416,-0.827933669090271,-0.8551304936408997,-0.9059172868728638,-0.9039994478225708,-0.8314307332038879,-0.8799184560775757,-0.8945554494857788,-0.8956629633903503,-0.8744515776634216,2002-01-25
-0.8552069664001465,-0.8435183167457581,-0.8638392686843872,-0.8775289058685303,-0.8905979990959167,-0.8482920527458191,-0.8683909177780151,-0.8977473378181458,-0.8684885501861572,-0.8512191772460938,2002-01-26
-0.8363316655158997,-0.8515979051589966,-0.8795573115348816,-0.8653498291969299,-0.8750376105308533,-0.8546681404113771,-0.8790284395217896,-0.8697329163551331,-0.8304417729377747,-0.8256178498268127,2002-01-27
-0.832446813583374,-0.8552504181861877,-0.8687605857849121,-0.8569148182868958,-0.8680410981178284,-0.8620573878288269,-0.8622789978981018,-0.8585699796676636,-0.8127960562705994,-0.8393696546554565,2002-01-28
-0.8358426690101624,-0.8566058874130249,-0.8684535622596741,-0.8588510751724243,-0.86649489402771,-0.8642668128013611,-0.8717624545097351,-0.8614385724067688,-0.8311431407928467,-0.8724228739738464,2002-01-29
-0.8354821205139159,-0.8451047539710999,-0.8578636646270752,-0.8681654930114746,-0.8620678782463074,-0.8461766839027405,-0.8639787435531616,-0.8687735199928284,-0.8499634265899658,-0.878149688243866,2002-01-30
-0.8199695944786072,-0.8380522131919861,-0.8495633602142334,-0.8531076908111572,-0.8476554751396179,-0.8354186415672302,-0.8572826385498047,-0.8603861927986145,-0.8472672700881958,-0.8503088951110841,2002-01-31
-0.8157485723495483,-0.8385890126228333,-0.8482630252838135,-0.8547716736793518,-0.8491951823234558,-0.8377413153648376,-0.8573240637779236,-0.8608521223068237,-0.8396860957145691,-0.8354613184928894,2002-02-01
-0.8121815323829651,-0.8409851789474487,-0.8448694944381714,-0.8453857898712158,-0.8501494526863098,-0.84031081199646,-0.8562288284301758,-0.8535183072090149,-0.8315562009811401,-0.8324689865112305,2002-02-02
-0.8092654943466187,-0.8368290662765503,-0.8378068208694458,-0.8363497853279114,-0.8397253751754761,-0.8352795839309692,-0.8476581573486328,-0.8406021595001221,-0.816950261592865,-0.8207163214683533,2002-02-03
-0.8034956455230713,-0.8323641419410706,-0.8303498625755309,-0.8198859691619873,-0.8255972266197205,-0.8327640891075134,-0.8369436264038086,-0.8283673524856567,-0.8054008483886719,-0.8133391737937927,2002-02-04
-0.7874454855918884,-0.8219189643859863,-0.8195484280586243,-0.8014435172080994,-0.8063250780105591,-0.8257138133049011,-0.8214589357376099,-0.8092599511146545,-0.7909396290779114,-0.8045176267623901,2002-02-05
-0.7870954871177673,-0.8197703957557678,-0.8250663876533508,-0.8037122488021851,-0.7967936992645264,-0.8249546885490417,-0.8196130394935608,-0.8085234761238098,-0.7820071578025818,-0.7928221225738525,2002-02-06
-0.7993069887161255,-0.8407295942306519,-0.8384326696395874,-0.820285439491272,-0.818638026714325,-0.8471885323524475,-0.8453639149665833,-0.8360337615013123,-0.7946708798408508,-0.8032089471817017,2002-02-07
-0.8150508403778076,-0.8509316444396973,-0.853628396987915,-0.8406389951705933,-0.8329582810401917,-0.8570667505264282,-0.8528193831443787,-0.8411514759063721,-0.7930997610092163,-0.8052875995635986,2002-02-08
-0.8391696810722351,-0.8443747758865356,-0.8530980944633484,-0.8459584712982178,-0.8510628938674927,-0.8504922986030579,-0.8536669611930847,-0.8461544513702393,-0.7933533787727356,-0.8135592937469482,2002-02-09
-0.8585703372955322,-0.8495075702667236,-0.8571218252182007,-0.853632390499115,-0.8638061881065369,-0.857992947101593,-0.860386312007904,-0.8536473512649536,-0.807785153388977,-0.8311689496040344,2002-02-10
-0.8771679997444153,-0.8460115790367126,-0.8618344068527222,-0.8675719499588013,-0.8728640675544739,-0.8519466519355774,-0.8655497431755066,-0.8620119690895081,-0.8218361139297485,-0.8414890170097351,2002-02-11
-0.8736137747764587,-0.8453837633132935,-0.8656971454620361,-0.8644386529922485,-0.8628743886947632,-0.8467653393745422,-0.8580731153488159,-0.8563869595527649,-0.8123831152915955,-0.8236960768699646,2002-02-12
-0.8718046545982361,-0.8664460182189941,-0.8898298144340515,-0.8797802329063416,-0.8688874840736389,-0.8613033890724182,-0.8798151016235352,-0.8751563429832458,-0.8111638426780701,-0.8129655718803406,2002-02-13
-0.8758034110069275,-0.8911900520324707,-0.9187952280044556,-0.90213143825531,-0.8884658813476562,-0.8874502778053284,-0.9021739959716796,-0.8914073705673218,-0.8210826516151428,-0.8231086730957031,2002-02-14
-0.8733784556388855,-0.9011027812957764,-0.9030373692512512,-0.893254816532135,-0.8901669979095459,-0.89925616979599,-0.9005956053733826,-0.8882561922073364,-0.8228294849395752,-0.8258162140846252,2002-02-15
-0.8650608658790588,-0.9003956913948059,-0.9205714464187622,-0.9042465090751648,-0.8896406888961792,-0.8952494263648987,-0.9141610860824584,-0.8934891223907471,-0.8462918996810913,-0.8546124100685121,2002-02-16
-0.8635984659194946,-0.9083534479141236,-0.9205422401428224,-0.9206244349479676,-0.90297931432724,-0.9008121490478516,-0.9196600317955016,-0.9158488512039183,-0.8766441941261292,-0.8767426609992981,2002-02-17
-0.8847686052322388,-0.926491677761078,-0.9309565424919128,-0.924014925956726,-0.9236434102058412,-0.9235602617263794,-0.9349238872528076,-0.9255510568618774,-0.9021795392036438,-0.9054867029190063,2002-02-18
-0.8949205279350281,-0.9356247782707214,-0.9332053065299988,-0.937125325202942,-0.926031768321991,-0.9304549098014832,-0.9368301033973694,-0.9307796359062196,-0.9040150046348572,-0.9155455231666564,2002-02-19
-0.9016795754432678,-0.9449782967567444,-0.9543801546096802,-0.949909210205078,-0.934226393699646,-0.9438303709030152,-0.9586164951324464,-0.9500479102134703,-0.9097727537155152,-0.927705943584442,2002-02-20
-0.9261458516120912,-0.9483240246772766,-0.9658477306365968,-0.9790232181549072,-0.9582254886627196,-0.9491284489631652,-0.97584068775177,-0.9748413562774658,-0.9313949942588806,-0.9504032135009766,2002-02-21
-0.9602433443069458,-0.9439697265625,-0.9726237058639526,-0.9822363853454591,-0.98529714345932,-0.9419868588447572,-0.9681978225708008,-0.9753418564796448,-0.9412767291069032,-0.9574579000473022,2002-02-22
-0.974905788898468,-0.9491031169891356,-0.9764752388000488,-0.9931552410125732,-0.9987831711769104,-0.947060227394104,-0.9847999811172484,-0.9840027689933776,-0.9611563682556152,-0.9785683155059814,2002-02-23
-0.9958614706993104,-0.9569011330604552,-0.975864827632904,-0.9904364347457886,-1.000710129737854,-0.9588499069213868,-0.997649312019348,-1.0002220869064329,-0.9958768486976624,-1.0098916292190552,2002-02-24
-1.0085220336914062,-0.9683382511138916,-1.0038647651672363,-1.0369962453842163,-1.0106090307235718,-0.9654111862182616,-1.0178422927856443,-1.0214900970458984,-1.0172660350799558,-1.0099996328353882,2002-02-25
-0.9951809644699096,-0.9703499078750609,-1.0158861875534058,-1.0053668022155762,-0.9973289966583252,-0.9622353315353394,-1.0134915113449097,-1.0178717374801636,-0.9965281486511229,-0.9825483560562134,2002-02-26
-0.98341965675354,-0.965930998325348,-0.9909703135490416,-0.99680757522583,-0.9947324395179749,-0.964101254940033,-1.0018779039382937,-1.0013289451599119,-0.9842023849487304,-0.9782856106758118,2002-02-27
-0.9741262793540956,-0.9585574865341188,-0.9878399968147278,-1.0030573606491089,-0.9885426759719848,-0.9561533927917479,-1.0010526180267334,-0.9886845350265504,-0.9830626249313354,-0.97401762008667,2002-02-28
-0.9598469138145448,-0.9495608806610109,-0.9632880687713624,-0.9791235327720642,-0.9799430370330809,-0.9454522132873536,-0.9853739142417908,-0.9894336462020874,-0.9790000915527344,-0.977187156677246,2002-03-01
-0.9522870779037476,-0.9540064930915833,-0.96674245595932,-0.9870029091835022,-0.970169186592102,-0.9528480172157288,-0.9931181073188782,-0.9859922528266908,-0.979572892189026,-0.9755868315696716,2002-03-02
-0.9495028257369996,-0.9500470161437988,-0.9717421531677246,-0.9879543781280518,-0.9672147035598756,-0.9445974230766296,-0.987809419631958,-0.9917020201683044,-0.9759978652000428,-0.973280429840088,2002-03-03
-0.9497597813606262,-0.9516737461090088,-0.9760032296180724,-0.9939654469490052,-0.9740616679191588,-0.9419373273849488,-0.9899412393569946,-0.9954750537872314,-0.9798805713653564,-0.9802974462509156,2002-03-04
-0.9411491751670836,-0.96298748254776,-0.9721472859382628,-0.9802404642105104,-0.9712821841239928,-0.9577739238739014,-0.9912949800491332,-0.9868361353874208,-0.9824082851409912,-0.9780539870262146,2002-03-05
-0.9300559163093568,-0.9681503772735596,-0.9701603055000304,-0.9724072217941284,-0.9648853540420532,-0.9636624455451964,-0.9903783798217772,-0.9833247065544128,-0.9694567918777466,-0.9664060473442078,2002-03-06
-0.9207359552383424,-0.9650391936302184,-0.9716721773147584,-0.966991662979126,-0.9549221396446228,-0.9623745679855348,-0.9836246967315674,-0.9734659790992736,-0.9436293840408324,-0.9471231698989868,2002-03-07
-0.9327377676963806,-0.965922713279724,-0.9757421016693116,-0.969995617866516,-0.9644153714179992,-0.9671301841735841,-0.985240876674652,-0.980584681034088,-0.9451611638069152,-0.9576371312141418,2002-03-08
-0.9344796538352966,-0.9595080614089966,-0.963886857032776,-0.9734873771667479,-0.9712918400764464,-0.9604030251502992,-0.9854024052619934,-0.9821997880935668,-0.9532164931297302,-0.964708924293518,2002-03-09
-0.9388214945793152,-0.9370136260986328,-0.9453957080841064,-0.9527637362480164,-0.964381217956543,-0.9332642555236816,-0.9647843241691588,-0.9659914970397948,-0.9453027844429016,-0.9527782797813416,2002-03-10
-0.937687337398529,-0.9291740655899048,-0.9419583082199096,-0.9588679671287536,-0.9656774997711182,-0.9300962090492249,-0.964684784412384,-0.9696566462516784,-0.9459762573242188,-0.9479372501373292,2002-03-11
-0.9358718991279602,-0.9130027294158936,-0.9308104515075684,-0.9485145211219788,-0.9585235714912416,-0.9101073145866394,-0.9473390579223632,-0.9526633620262146,-0.9225629568099976,-0.9231471419334412,2002-03-12
-0.9211121797561646,-0.9030578136444092,-0.9239220023155212,-0.9314120411872864,-0.9404993057250975,-0.8995842337608337,-0.9330176115036012,-0.9393616914749146,-0.901256501674652,-0.90364408493042,2002-03-13
-0.9245690703392028,-0.9098641276359558,-0.93192458152771,-0.9354217052459716,-0.9431487321853638,-0.909557282924652,-0.9378639459609984,-0.9421162009239196,-0.9070886373519896,-0.915812373161316,2002-03-14
-0.9098892807960509,-0.9161846041679382,-0.938981592655182,-0.9357081055641174,-0.9326204657554626,-0.9128368496894836,-0.9421088099479676,-0.9353715777397156,-0.9120514988899232,-0.9181671142578124,2002-03-15
-0.9118023514747621,-0.9398820400238036,-0.9643286466598512,-0.9647565484046936,-0.9483292698860168,-0.9385483860969543,-0.9727521538734436,-0.9745537638664246,-0.941325545310974,-0.934772253036499,2002-03-16
-0.9082292318344116,-0.9426568150520324,-0.9490352272987366,-0.9481878876686096,-0.9536787271499634,-0.9332532286643982,-0.956607699394226,-0.965993344783783,-0.9315250515937804,-0.932224690914154,2002-03-17
-0.9088406562805176,-0.9395458698272704,-0.9496118426322936,-0.946876347064972,-0.9465197920799256,-0.9337247610092164,-0.9601365923881532,-0.9371164441108704,-0.9265904426574708,-0.932856261730194,2002-03-18
-0.9156597852706908,-0.9428128004074096,-0.9461063146591188,-0.948855757713318,-0.9585548043251038,-0.944306254386902,-0.9567235708236694,-0.9633104205131532,-0.9388101100921632,-0.9553639888763428,2002-03-19
-0.922807276248932,-0.943345069885254,-0.9616180062294006,-0.9884495139122008,-0.9804703593254088,-0.9444304108619691,-0.9881598353385924,-0.9952408671379088,-0.9680845737457277,-0.9595207571983336,2002-03-20
-0.9324001669883728,-0.9348210096359252,-0.9370806813240052,-0.9578906297683716,-0.9803742170333862,-0.9330125451087952,-0.962671160697937,-0.9735574126243592,-0.9511856436729432,-0.9520835280418396,2002-03-21
-0.9347857832908629,-0.9343885183334352,-0.9448179602622986,-0.9530819058418274,-0.973119854927063,-0.93506121635437,-0.969068706035614,-0.962785303592682,-0.951490879058838,-0.9630622863769532,2002-03-22
-0.9227303862571716,-0.9245998859405518,-0.9366089701652528,-0.9394210577011108,-0.951939582824707,-0.9260823130607604,-0.9534654021263124,-0.948107361793518,-0.9357681870460509,-0.9504805207252502,2002-03-23
-0.9029594659805298,-0.9209096431732178,-0.9404971599578856,-0.9362510442733764,-0.9392558932304382,-0.9262887835502625,-0.9515650272369384,-0.950328528881073,-0.9258248209953308,-0.9316135048866272,2002-03-24
-0.8911338448524475,-0.909825563430786,-0.9137111902236938,-0.9114981293678284,-0.92851585149765,-0.9176650643348694,-0.9258778691291808,-0.9274640083312988,-0.9057228565216064,-0.9125433564186096,2002-03-25
-0.8913300633430481,-0.9029923081398009,-0.911540687084198,-0.9103983044624328,-0.9202059507369996,-0.9049534201622008,-0.9252124428749084,-0.9160470962524414,-0.8973793983459473,-0.9038230776786804,2002-03-26
-0.8894653916358948,-0.8987693190574646,-0.9079793691635132,-0.8986098766326904,-0.9141698479652404,-0.8997814655303955,-0.9164716601371764,-0.9096347093582152,-0.8877952098846436,-0.9000017642974854,2002-03-27
-0.8784564733505249,-0.8873280882835388,-0.8933542966842651,-0.8825142979621887,-0.8969494104385376,-0.8888893723487854,-0.8978598713874817,-0.8927848339080809,-0.8643556833267212,-0.8791566491127014,2002-03-28
-0.8721209764480591,-0.8804786205291748,-0.8912658095359802,-0.8707996606826782,-0.8826894760131836,-0.8834176659584045,-0.8779270052909851,-0.8758952617645264,-0.8361313343048096,-0.8571026921272278,2002-03-29
-0.8582257628440857,-0.8911241888999939,-0.8977543115615845,-0.8690352439880371,-0.8719248771667479,-0.8956284523010254,-0.8868623375892639,-0.8678383231163025,-0.8245350122451782,-0.8443413972854614,2002-03-30
-0.8536154627799988,-0.8974340558052063,-0.9121680259704591,-0.8696728348731995,-0.8698338866233826,-0.902999222278595,-0.8938579559326172,-0.8744637966156006,-0.8163735866546631,-0.8305800557136536,2002-03-31
-0.85708087682724,-0.9074273109436036,-0.9237515926361084,-0.8803892135620117,-0.880588948726654,-0.9134501218795776,-0.9049994945526124,-0.8870951533317566,-0.8268507719039917,-0.8414270877838135,2002-04-01
-0.8566979765892029,-0.9202558398246764,-0.9418930411338806,-0.9006075263023376,-0.8951218128204346,-0.9246160984039308,-0.9220101237297058,-0.89483642578125,-0.8468533158302307,-0.8580767512321472,2002-04-02
-0.86540287733078,-0.9345621466636658,-0.9515612721443176,-0.9204633235931396,-0.9171201586723328,-0.9369283318519592,-0.9353607296943665,-0.9164503812789916,-0.8738641738891602,-0.8841315507888794,2002-04-03
-0.8660787343978882,-0.9430116415023804,-0.952082097530365,-0.9101508855819702,-0.9142571091651917,-0.9422761797904968,-0.93887460231781,-0.914076030254364,-0.8831176161766052,-0.8881664276123047,2002-04-04
-0.8771037459373474,-0.955245852470398,-0.9643647074699402,-0.9379377365112304,-0.9297924637794496,-0.9566310048103333,-0.9585830569267272,-0.9385241270065308,-0.9023584723472596,-0.9064433574676514,2002-04-05
-0.8906352519989014,-0.9511691331863404,-0.9503857493400574,-0.927127718925476,-0.9380672574043274,-0.948444128036499,-0.9477248787879944,-0.9318912625312804,-0.9048104882240297,-0.9161714315414428,2002-04-06
-0.8917738795280457,-0.949982225894928,-0.9674195051193236,-0.9534936547279358,-0.9426817297935486,-0.9515396356582642,-0.9623874425888062,-0.9475205540657043,-0.9204477667808532,-0.9286265969276428,2002-04-07
-0.9048001766204834,-0.9519546627998352,-0.9306648969650269,-0.9255967140197754,-0.9527676701545716,-0.9602656960487366,-0.9489330053329468,-0.9403448104858398,-0.9197179675102234,-0.929370641708374,2002-04-08
-0.91146582365036,-0.931512415409088,-0.927026867866516,-0.93474018573761,-0.9460179209709167,-0.9282268285751344,-0.9440225958824158,-0.9468483328819276,-0.9185438752174376,-0.9365727305412292,2002-04-09
-0.916492760181427,-0.9248555302619934,-0.9449746608734132,-0.9396958947181702,-0.9456289410591124,-0.91731059551239,-0.9446433782577516,-0.9261452555656432,-0.9129591584205629,-0.92764550447464,2002-04-10
-0.9283251166343688,-0.9356825947761536,-0.9534026384353638,-0.9480553269386292,-0.9573972225189208,-0.9367759227752686,-0.9481755495071412,-0.9408352971076964,-0.9105650186538696,-0.9197970032691956,2002-04-11
-0.9362756609916688,-0.958119571208954,-0.9979525208473206,-0.9736925959587096,-0.9715401530265808,-0.9570658206939696,-0.9723730087280272,-0.9582694172859192,-0.9180752038955688,-0.923933446407318,2002-04-12
-0.9311315417289734,-0.953271508216858,-0.9631634354591371,-0.947215497493744,-0.9648095369338988,-0.9513447880744934,-0.9557718634605408,-0.9501975178718568,-0.911270558834076,-0.9234669208526612,2002-04-13
-0.9284663796424866,-0.9571579694747924,-0.9740297198295592,-0.9568451642990112,-0.9595305919647216,-0.953374683856964,-0.965114414691925,-0.9482879042625428,-0.9227132797241212,-0.9375704526901244,2002-04-14
-0.926996886730194,-0.9599090218544006,-0.9705246090888976,-0.9573256373405457,-0.9545896053314208,-0.9556764364242554,-0.9684810042381288,-0.9520254135131836,-0.9377568364143372,-0.9471434354782104,2002-04-15
-0.9133579730987548,-0.9504996538162231,-0.9584125876426696,-0.9384817481040956,-0.9367079734802246,-0.9437445998191832,-0.949938416481018,-0.9412624835968018,-0.9247611165046692,-0.9309081435203552,2002-04-16
-0.9016413688659668,-0.9534683823585509,-0.9720988273620604,-0.9374445676803588,-0.9302731156349182,-0.9510300159454346,-0.9592461585998536,-0.9339605569839478,-0.9144786596298218,-0.9191658496856691,2002-04-17
-0.8933600187301636,-0.9531985521316528,-0.9547010660171508,-0.9236034750938416,-0.9218789339065552,-0.9533898830413818,-0.9441280961036682,-0.9242121577262878,-0.8913424015045166,-0.904194951057434,2002-04-18
-0.8961961269378662,-0.9557944536209106,-0.9598909616470336,-0.9265633821487428,-0.9237049221992492,-0.961622416973114,-0.9563838243484496,-0.9295234084129332,-0.892770528793335,-0.9127955436706544,2002-04-19
-0.9017292857170104,-0.947551131248474,-0.9558914303779602,-0.9309132099151612,-0.9263381361961364,-0.9487600922584534,-0.9476886987686156,-0.9326576590538024,-0.8956241011619568,-0.9182851910591124,2002-04-20
-0.9005065560340881,-0.9380149245262146,-0.9505054950714112,-0.921100616455078,-0.921289086341858,-0.9405267238616944,-0.939789891242981,-0.9255221486091614,-0.8971931934356691,-0.9160285592079164,2002-04-21
-0.9000929594039917,-0.9414858222007751,-0.9549729824066162,-0.935494065284729,-0.9224124550819396,-0.9550290107727052,-0.9454755783081056,-0.9319786429405212,-0.898558497428894,-0.9069904088974,2002-04-22
-0.91525137424469,-0.9538196921348572,-0.934589982032776,-0.9149758219718932,-0.930205762386322,-0.963636577129364,-0.932725191116333,-0.921930193901062,-0.8939542770385742,-0.9128296971321106,2002-04-23
-0.9265929460525512,-0.938258945941925,-0.9362867474555968,-0.9286370277404784,-0.9410046339035034,-0.9399113655090332,-0.9437073469161988,-0.9364983439445496,-0.9104294776916504,-0.9383327960968018,2002-04-24
-0.9177804589271544,-0.9258577823638916,-0.9326007962226868,-0.9179526567459106,-0.923647165298462,-0.92096608877182,-0.9259624481201172,-0.9210029840469359,-0.8980123996734619,-0.9187667369842528,2002-04-25
-0.9207223057746888,-0.9119348526000975,-0.9307013750076294,-0.9166409373283386,-0.9240395426750184,-0.9169012904167176,-0.9226508140563964,-0.925308346748352,-0.889883279800415,-0.9059829711914062,2002-04-26
-0.9144806265830994,-0.9110836386680604,-0.9520612359046936,-0.929396390914917,-0.9241765737533568,-0.9128912687301636,-0.9217305779457092,-0.9298915863037108,-0.8903946876525879,-0.9030980467796326,2002-04-27
-0.9307714104652404,-0.9369723200798036,-0.9623203873634338,-0.9449501037597656,-0.9514364004135132,-0.9359456300735474,-0.9485668540000916,-0.955760896205902,-0.9090918898582458,-0.9150961637496948,2002-04-28
-0.9405739903450012,-0.9526087641716005,-0.9814732074737548,-0.961166501045227,-0.963245153427124,-0.949192464351654,-0.960399091243744,-0.9598315954208374,-0.9236297607421876,-0.9236042499542236,2002-04-29
-0.9540762901306152,-0.98062926530838,-0.9956802129745485,-0.9763323068618774,-0.9830593466758728,-0.983036994934082,-0.9844589233398438,-0.9784989356994628,-0.9409939646720886,-0.9436639547348022,2002-04-30
-0.9506426453590392,-0.9861183166503906,-0.9956706166267396,-0.9709980487823486,-0.9748416543006896,-0.9854692220687866,-0.9845865964889526,-0.9738507866859436,-0.9405094981193542,-0.9524545669555664,2002-05-01
-0.9393635392189026,-0.9903693795204164,-1.0099531412124634,-0.9702209234237672,-0.962225377559662,-0.989625096321106,-0.9862020015716552,-0.9723625779151917,-0.940304398536682,-0.9503300786018372,2002-05-02
-0.9430549144744872,-0.9922624230384828,-1.0109137296676636,-0.9833571910858154,-0.9691176414489746,-0.995769202709198,-0.9920020699501038,-0.988175094127655,-0.9514680504798888,-0.960240364074707,2002-05-03
-0.9390242695808412,-0.9930198192596436,-1.0068141222000122,-0.975306510925293,-0.9691514372825624,-0.9945982694625854,-0.9910377860069276,-0.9836402535438538,-0.9586434364318848,-0.9676806330680848,2002-05-04
-0.9362751841545104,-0.98834627866745,-0.9919105768203736,-0.969103455543518,-0.969420313835144,-0.989298701286316,-0.9860805869102478,-0.9741865396499634,-0.9568479657173156,-0.9709080457687378,2002-05-05
-0.9303939938545228,-0.9772666692733764,-0.9884697794914246,-0.961232841014862,-0.9561256766319276,-0.977204978466034,-0.9835523962974548,-0.9667597413063048,-0.942764401435852,-0.9621012806892396,2002-05-06
-0.922962725162506,-0.9648977518081664,-0.9872022271156312,-0.955313205718994,-0.9465473294258118,-0.9688026309013368,-0.9723531007766724,-0.9612484574317932,-0.9212291836738586,-0.9402497410774232,2002-05-07
-0.9238391518592834,-0.9407060146331788,-0.9507912397384644,-0.9349164366722108,-0.9445474147796632,-0.94733726978302,-0.9362459778785706,-0.9437355399131776,-0.8951106667518616,-0.9238930344581604,2002-05-08
-0.917236864566803,-0.931447207927704,-0.954318642616272,-0.9316043257713318,-0.9274488091468812,-0.9422240257263184,-0.9379602074623108,-0.9206063747406006,-0.8913455605506897,-0.9173790216445924,2002-05-09
-0.914922833442688,-0.9302860498428344,-0.9517515301704408,-0.9322341084480286,-0.9295985102653505,-0.9382484555244446,-0.9364026188850404,-0.9302054047584534,-0.8932815194129944,-0.911393702030182,2002-05-10
-0.9189330935478209,-0.9333233833312988,-0.9631614089012146,-0.9392858147621156,-0.9308887720108032,-0.938450574874878,-0.9447672963142396,-0.9421976804733276,-0.8980553150177002,-0.911612033843994,2002-05-11
-0.9229500889778136,-0.9403220415115356,-0.9647919535636902,-0.946588695049286,-0.937220335006714,-0.9446545243263244,-0.9468615651130676,-0.9451904296875,-0.9081709384918212,-0.922119140625,2002-05-12
-0.925010085105896,-0.9509119391441344,-0.9707788228988647,-0.9510313868522644,-0.94221168756485,-0.9534808397293092,-0.9527685642242432,-0.9483692646026612,-0.91774582862854,-0.9320372939109802,2002-05-13
-0.9293871521949768,-0.9589491486549376,-0.9789500832557678,-0.9540344476699828,-0.9457906484603882,-0.9606460928916932,-0.9627287983894348,-0.9513015747070312,-0.9231187105178832,-0.9366321563720704,2002-05-14
-0.927216649055481,-0.9639750719070436,-0.9801825881004332,-0.956282675266266,-0.9474858641624452,-0.967462420463562,-0.9613524675369264,-0.9554461836814879,-0.9256573915481568,-0.9447965025901794,2002-05-15
-0.9218812584877014,-0.9613572359085084,-0.9828007221221924,-0.9503772258758544,-0.9404780864715576,-0.9654744863510132,-0.9600380063056946,-0.9499632120132446,-0.923669457435608,-0.9421778321266174,2002-05-16
-0.9135987758636476,-0.9596738815307616,-0.9785653948783876,-0.9481782913208008,-0.9342967867851256,-0.9634400606155396,-0.9588316679000854,-0.949049472808838,-0.9221404194831848,-0.937235713005066,2002-05-17
-0.9111223816871644,-0.954136073589325,-0.9705777168273926,-0.9418766498565674,-0.9274939894676208,-0.9561483860015868,-0.9531603455543518,-0.9430100917816162,-0.9169461131095886,-0.9322512149810792,2002-05-18
-0.9066024422645568,-0.9522841572761536,-0.970105528831482,-0.9383686184883118,-0.9243234395980836,-0.954822838306427,-0.9523758888244628,-0.937830686569214,-0.9153680801391602,-0.9309746026992798,2002-05-19
-0.9028776288032532,-0.9496840834617616,-0.9612608551979064,-0.9389978051185608,-0.9248487949371338,-0.952232539653778,-0.9468200802803041,-0.9396207332611084,-0.9140287041664124,-0.9319303631782532,2002-05-20
-0.8992169499397278,-0.9456815719604492,-0.9589853882789612,-0.9376346468925476,-0.923812210559845,-0.9476155042648317,-0.9472870230674744,-0.9376344680786132,-0.9139854907989502,-0.9321897029876708,2002-05-21
-0.8982699513435364,-0.9389617443084716,-0.9517081975936891,-0.9292349219322203,-0.9193300008773804,-0.9406991600990297,-0.9394370913505554,-0.9311584234237672,-0.9118592739105223,-0.9316225647926332,2002-05-22
-0.8997467756271362,-0.9292747378349304,-0.9454003572463988,-0.9272025823593141,-0.9172756671905518,-0.9327011704444884,-0.9330131411552428,-0.929784059524536,-0.9097034335136414,-0.9300772547721864,2002-05-23
-0.9000838398933411,-0.9183053374290466,-0.9339443445205688,-0.9192427396774292,-0.9147948622703552,-0.9222270846366882,-0.923664391040802,-0.92360258102417,-0.9069035649299622,-0.9278878569602966,2002-05-24
-0.8944425582885742,-0.9069921970367432,-0.9258925318717957,-0.908242642879486,-0.9038100242614746,-0.9108462929725648,-0.9122525453567504,-0.9096093773841858,-0.8928630352020264,-0.911708116531372,2002-05-25
-0.8852174878120422,-0.8970191478729248,-0.9172992110252379,-0.8958245515823364,-0.8912900686264038,-0.9017269015312196,-0.9004178047180176,-0.8974974751472473,-0.8714814782142639,-0.8904183506965637,2002-05-26
-0.8749783039093018,-0.8908762335777283,-0.9140299558639526,-0.8894653916358948,-0.8810346126556396,-0.8961394429206848,-0.8934988379478455,-0.8891096115112305,-0.8536085486412048,-0.8716937899589539,2002-05-27
-0.8734190464019775,-0.8940199613571167,-0.917750358581543,-0.89198237657547,-0.883736252784729,-0.8992440700531006,-0.8952534198760986,-0.8914843201637268,-0.852949321269989,-0.8726074099540709,2002-05-28
-0.8744109869003296,-0.903682291507721,-0.9264926314353944,-0.8998982906341553,-0.8891594409942627,-0.9095409512519836,-0.904685378074646,-0.8972907066345215,-0.8666653037071228,-0.8846932053565979,2002-05-29
-0.87443608045578,-0.9143001437187196,-0.931171417236328,-0.906062126159668,-0.8935182690620422,-0.9169071912765504,-0.911843717098236,-0.904779851436615,-0.8824727535247803,-0.8964109420776367,2002-05-30
